time,open,high,low,close,volume
2020-10-01 06:30,295.26,295.59,295.03,295.2,66474
2020-10-01 06:31,295.26,295.36,294.73,295,44265
2020-10-01 06:32,295,295.25,292.69,292.86,1063113.0
2020-10-01 06:33,292.83,293.18,292.0201,293.07,263690
2020-10-01 06:34,293.06,293.2899,292.48,292.95,184438
2020-10-01 06:35,293,293.065,291.62,292.43,213173
2020-10-01 06:36,292.42,292.78,292.05,292.53,120669
2020-10-01 06:37,292.47,292.69,291.32,291.345,209369
2020-10-01 06:38,291.345,291.38,290.55,291,196776
2020-10-01 06:39,291.03,291.48,290.62,291.15,137587
2020-10-01 06:40,291.21,291.55,291,291.13,111168
2020-10-01 06:41,291.165,291.97,291.0301,291.63,134009
2020-10-01 06:42,291.64,291.95,291.49,291.56,76119
2020-10-01 06:43,291.56,291.67,290.9107,291.59,93333
2020-10-01 06:44,291.65,292.1,291.16,291.16,73531
2020-10-01 06:45,291.1999,291.43,291.15,291.375,50939
2020-10-01 06:46,291.3,291.42,290.97,291.15,79360
2020-10-01 06:47,291.155,292.035,291.13,291.54,100939
2020-10-01 06:48,291.46,292.43,291.42,292.12,73562
2020-10-01 06:49,292.15,292.8564,292.08,292.62,77122
2020-10-01 06:50,292.63,292.7,291.55,291.615,76428
2020-10-01 06:51,291.6757,291.72,291.28,291.61,57150
2020-10-01 06:52,291.54,291.7399,291.46,291.56,74668
2020-10-01 06:53,291.55,291.56,290.1,290.15,170261
2020-10-01 06:54,290.15,290.5299,290.05,290.05,145384
2020-10-01 06:55,290.06,290.55,290.02,290.28,113158
2020-10-01 06:56,290.33,290.55,290.25,290.33,87267
2020-10-01 06:57,290.35,290.77,290.125,290.125,122831
2020-10-01 06:58,290.1,290.1599,289.6,289.797,131797
2020-10-01 06:59,289.68,290.15,289.52,289.84,70398
2020-10-01 07:00,289.79,290.37,289.68,289.99,108519
2020-10-01 07:01,290.01,290.12,289.14,289.17,104994
2020-10-01 07:02,289.178,289.77,289.08,289.1808,141188
2020-10-01 07:03,289.21,289.26,288.6,289.035,137819
2020-10-01 07:04,289.04,289.2,288.64,289.11,54430
2020-10-01 07:05,289.09,289.8699,288.965,289.77,87883
2020-10-01 07:06,289.69,290.17,289.56,289.9059,67879
2020-10-01 07:07,289.89,290.25,289.6901,289.84,68917
2020-10-01 07:08,289.76,289.8,289.24,289.35,85706
2020-10-01 07:09,289.325,289.71,289.07,289.595,60706
2020-10-01 07:10,289.63,290.0949,289.58,290,68286
2020-10-01 07:11,289.99,290.07,289.79,290.04,49190
2020-10-01 07:12,290.02,290.4,290.02,290.33,58171
2020-10-01 07:13,290.37,290.6,290.0001,290.0999,73777
2020-10-01 07:14,290.08,290.44,290.0601,290.39,28070
2020-10-01 07:15,290.38,290.69,290.32,290.43,51510
2020-10-01 07:16,290.41,290.42,289.88,289.935,52655
2020-10-01 07:17,289.96,290.4799,289.83,290.355,33225
2020-10-01 07:18,290.31,290.55,290,290.18,37514
2020-10-01 07:19,290.14,290.28,289.96,290.066,37793
2020-10-01 07:20,290.09,291.1,290.09,290.88,98214
2020-10-01 07:21,290.9,291.18,290.8301,291.1,84308
2020-10-01 07:22,291.04,291.47,290.72,291.3136,93855
2020-10-01 07:23,291.2764,291.52,290.83,291.02,77976
2020-10-01 07:24,290.95,291,290.81,290.885,33356
2020-10-01 07:25,290.84,290.84,290.21,290.63,68798
2020-10-01 07:26,290.65,290.84,290.5301,290.68,42471
2020-10-01 07:27,290.66,291.02,290.66,290.71,33170
2020-10-01 07:28,290.74,290.9,290.66,290.81,33800
2020-10-01 07:29,290.87,291.1194,290.79,290.995,45388
2020-10-01 07:30,290.995,291.16,290.88,291.13,45177
2020-10-01 07:31,291.12,291.57,291.09,291.26,63495
2020-10-01 07:32,291.255,291.56,291.23,291.35,38678
2020-10-01 07:33,291.365,291.57,291.28,291.52,45465
2020-10-01 07:34,291.5795,291.75,291.49,291.66,43741
2020-10-01 07:35,291.64,291.87,291.52,291.8,46919
2020-10-01 07:36,291.8,291.87,291.64,291.76,35990
2020-10-01 07:37,291.79,291.99,291.64,291.69,41747
2020-10-01 07:38,291.69,292.04,291.58,291.61,75441
2020-10-01 07:39,291.61,292.23,291.59,291.9999,54442
2020-10-01 07:40,291.94,292.28,291.89,291.9229,65927
2020-10-01 07:41,292.01,292.3899,292.01,292.3,43388
2020-10-01 07:42,292.3,292.35,291.8,291.87,33676
2020-10-01 07:43,291.88,292.14,291.61,291.65,31681
2020-10-01 07:44,291.685,291.82,291.41,291.5,31188
2020-10-01 07:45,291.52,291.6,291.18,291.41,37979
2020-10-01 07:46,291.385,291.47,291.14,291.32,34933
2020-10-01 07:47,291.33,291.57,291.24,291.305,37176
2020-10-01 07:48,291.305,291.38,291.03,291.36,29564
2020-10-01 07:49,291.38,291.66,291.365,291.57,32591
2020-10-01 07:50,291.57,291.75,291.49,291.52,26060
2020-10-01 07:51,291.52,291.58,291.2544,291.3,25173
2020-10-01 07:52,291.28,291.4619,291.05,291.27,42468
2020-10-01 07:53,291.31,291.37,291.21,291.32,38746
2020-10-01 07:54,291.31,291.31,290.58,290.608,59918
2020-10-01 07:55,290.62,290.76,290.14,290.15,43570
2020-10-01 07:56,290.165,290.2688,289.82,290.11,63844
2020-10-01 07:57,290.15,290.24,290.025,290.0906,30538
2020-10-01 07:58,290.03,290.26,290,290.18,22420
2020-10-01 07:59,290.135,290.33,289.83,290.33,35147
2020-10-01 08:00,290.28,290.5799,289.94,290,54610
2020-10-01 08:01,289.9707,290.1,289.83,290.03,48941
2020-10-01 08:02,290.03,290.16,289.96,290.06,61435
2020-10-01 08:03,290.11,290.44,290.05,290.1,48838
2020-10-01 08:04,290.05,290.5,290.05,290.35,29752
2020-10-01 08:05,290.39,290.43,290.24,290.29,18698
2020-10-01 08:06,290.24,290.78,290.145,290.455,29331
2020-10-01 08:07,290.465,290.51,290.27,290.36,18593
2020-10-01 08:08,290.45,290.45,290.0701,290.11,18094
2020-10-01 08:09,290.105,290.13,289.97,290.0201,26509
2020-10-01 08:10,290.04,290.19,289.945,290,51326
2020-10-01 08:11,290.05,290.15,289.94,289.97,19703
2020-10-01 08:12,290,290.36,289.9564,290.155,34763
2020-10-01 08:13,290.13,290.31,290.02,290.075,35077
2020-10-01 08:14,290.14,290.36,290.08,290.35,24631
2020-10-01 08:15,290.32,290.6,290.27,290.365,31957
2020-10-01 08:16,290.3,290.3,290.07,290.175,23344
2020-10-01 08:17,290.155,290.34,290.14,290.24,24836
2020-10-01 08:18,290.23,290.44,290.18,290.3,32171
2020-10-01 08:19,290.28,290.37,290.12,290.3336,20140
2020-10-01 08:20,290.31,290.53,290.28,290.31,59597
2020-10-01 08:21,290.31,291,290.27,290.88,33096
2020-10-01 08:22,290.87,291.16,290.87,291.13,37521
2020-10-01 08:23,291.14,291.31,290.92,291.07,32325
2020-10-01 08:24,291.09,291.47,290.93,291.235,23804
2020-10-01 08:25,291.22,291.32,290.92,291,27076
2020-10-01 08:26,291.04,291.39,291.04,291.11,28617
2020-10-01 08:27,291.15,291.36,291.1,291.205,21807
2020-10-01 08:28,291.17,291.305,291.13,291.285,16875
2020-10-01 08:29,291.26,291.58,291.23,291.58,31305
2020-10-01 08:30,291.53,291.83,291.46,291.73,34615
2020-10-01 08:31,291.5974,291.625,290.98,291.13,35276
2020-10-01 08:32,291.0765,291.22,291.02,291.125,22442
2020-10-01 08:33,291.12,291.2827,291.03,291.22,19315
2020-10-01 08:34,291.23,291.38,291.19,291.22,16301
2020-10-01 08:35,291.225,291.6,291.225,291.5,26003
2020-10-01 08:36,291.49,291.495,291.295,291.33,20190
2020-10-01 08:37,291.365,291.4,291.2,291.26,12908
2020-10-01 08:38,291.26,291.29,291.2,291.22,26696
2020-10-01 08:39,291.25,291.8,291.25,291.78,30562
2020-10-01 08:40,291.79,291.8599,291.6583,291.67,32581
2020-10-01 08:41,291.66,291.66,291.39,291.46,21208
2020-10-01 08:42,291.5,291.795,291.43,291.77,25856
2020-10-01 08:43,291.795,291.89,291.56,291.615,35938
2020-10-01 08:44,291.6435,291.68,291.44,291.51,21836
2020-10-01 08:45,291.54,291.6,291.44,291.51,18882
2020-10-01 08:46,291.48,291.5599,291.33,291.45,26361
2020-10-01 08:47,291.44,291.79,291.42,291.64,24109
2020-10-01 08:48,291.635,291.73,291.505,291.56,17805
2020-10-01 08:49,291.53,291.62,291.31,291.31,11084
2020-10-01 08:50,291.3,291.42,291.21,291.22,20936
2020-10-01 08:51,291.215,291.225,290.81,290.96,26742
2020-10-01 08:52,291,291.47,290.98,291.4,28988
2020-10-01 08:53,291.425,291.425,291.22,291.31,17377
2020-10-01 08:54,291.3012,291.32,291.175,291.27,11671
2020-10-01 08:55,291.25,291.33,291.13,291.13,12289
2020-10-01 08:56,291.095,291.21,290.885,291.15,25736
2020-10-01 08:57,291.205,291.31,290.9,290.925,25470
2020-10-01 08:58,290.9118,291,290.82,290.93,35597
2020-10-01 08:59,290.93,291.15,290.79,291.09,36642
2020-10-01 09:00,291.035,291.035,290.86,290.92,17531
2020-10-01 09:01,290.86,290.86,290.42,290.42,30187
2020-10-01 09:02,290.42,290.4302,290.11,290.25,42062
2020-10-01 09:03,290.23,290.295,290.06,290.16,22055
2020-10-01 09:04,290.15,290.45,290.11,290.22,29514
2020-10-01 09:05,290.265,290.29,290.08,290.28,17833
2020-10-01 09:06,290.29,290.35,290.15,290.31,17426
2020-10-01 09:07,290.38,290.4,290.26,290.38,14559
2020-10-01 09:08,290.34,290.4,290.24,290.3,17565
2020-10-01 09:09,290.3,290.43,290.29,290.38,25890
2020-10-01 09:10,290.34,290.39,290.235,290.295,16424
2020-10-01 09:11,290.295,290.37,290.19,290.37,36934
2020-10-01 09:12,290.37,290.55,290.3,290.38,48673
2020-10-01 09:13,290.35,290.37,290.19,290.22,19627
2020-10-01 09:14,290.15,290.18,289.94,290.03,50379
2020-10-01 09:15,290.079,290.3,289.95,290,44879
2020-10-01 09:16,290.01,290.02,289.59,289.72,52727
2020-10-01 09:17,289.68,289.8118,289.6,289.62,26947
2020-10-01 09:18,289.625,289.68,289.54,289.66,13981
2020-10-01 09:19,289.655,289.7352,289.59,289.71,19591
2020-10-01 09:20,289.7,289.72,289.6,289.68,13708
2020-10-01 09:21,289.67,289.8899,289.62,289.835,21935
2020-10-01 09:22,289.87,289.89,289.56,289.62,39816
2020-10-01 09:23,289.65,290.08,289.625,289.99,50254
2020-10-01 09:24,290,290.28,290,290.225,40505
2020-10-01 09:25,290.2,290.2,290.05,290.125,26036
2020-10-01 09:26,290.12,290.16,290.05,290.085,13982
2020-10-01 09:27,290.079,290.28,289.97,290.25,34404
2020-10-01 09:28,290.2427,290.32,289.985,289.99,26702
2020-10-01 09:29,289.99,289.99,289.775,289.8701,19813
2020-10-01 09:30,289.95,289.98,289.76,289.9601,15756
2020-10-01 09:31,289.99,290.16,289.98,290.125,11650
2020-10-01 09:32,290.09,290.18,290.01,290.1,15480
2020-10-01 09:33,290.115,290.155,290.07,290.155,12468
2020-10-01 09:34,290.12,290.1427,290.01,290.03,20838
2020-10-01 09:35,290.05,290.08,289.9,289.92,14503
2020-10-01 09:36,289.93,289.99,289.66,289.7,25511
2020-10-01 09:37,289.7425,289.8,289.615,289.655,13348
2020-10-01 09:38,289.58,289.79,289.5601,289.735,15023
2020-10-01 09:39,289.75,289.844,289.744,289.81,6984
2020-10-01 09:40,289.78,289.92,289.6,289.66,33684
2020-10-01 09:41,289.65,289.93,289.62,289.89,22207
2020-10-01 09:42,289.86,289.99,289.82,289.865,11329
2020-10-01 09:43,289.87,289.93,289.6,289.61,14572
2020-10-01 09:44,289.595,289.61,289.33,289.45,25503
2020-10-01 09:45,289.43,289.52,289.335,289.52,19677
2020-10-01 09:46,289.52,289.8,289.4501,289.63,21852
2020-10-01 09:47,289.615,289.66,289.41,289.585,32699
2020-10-01 09:48,289.59,289.59,289.45,289.45,15003
2020-10-01 09:49,289.44,289.44,289.3365,289.428,14334
2020-10-01 09:50,289.435,289.69,289.435,289.545,20046
2020-10-01 09:51,289.55,289.65,289.44,289.59,17642
2020-10-01 09:52,289.565,289.71,289.565,289.67,13112
2020-10-01 09:53,289.67,289.67,289.54,289.5601,16157
2020-10-01 09:54,289.585,289.64,289.55,289.58,8631
2020-10-01 09:55,289.6,289.69,289.6,289.68,11106
2020-10-01 09:56,289.675,289.875,289.675,289.865,15666
2020-10-01 09:57,289.8291,289.88,289.685,289.685,14538
2020-10-01 09:58,289.7,289.775,289.635,289.75,13202
2020-10-01 09:59,289.7,290.04,289.695,289.945,21975
2020-10-01 10:00,289.945,289.99,289.85,289.85,8161
2020-10-01 10:01,289.83,289.9699,289.83,289.96,10929
2020-10-01 10:02,289.95,290.1,289.87,290.095,39684
2020-10-01 10:03,290.095,290.22,290.07,290.13,16616
2020-10-01 10:04,290.11,290.14,289.72,289.72,14739
2020-10-01 10:05,289.745,289.9,289.745,289.875,9249
2020-10-01 10:06,289.91,289.99,289.89,289.935,11745
2020-10-01 10:07,289.92,289.935,289.785,289.81,9344
2020-10-01 10:08,289.81,289.85,289.67,289.8022,10530
2020-10-01 10:09,289.775,289.96,289.775,289.9,13142
2020-10-01 10:10,289.895,289.92,289.84,289.8401,6235
2020-10-01 10:11,289.8568,289.93,289.835,289.9,9852
2020-10-01 10:12,289.915,289.97,289.89,289.97,13544
2020-10-01 10:13,289.9622,290.04,289.93,290.04,23106
2020-10-01 10:14,290.025,290.13,289.94,289.95,15393
2020-10-01 10:15,289.94,289.9699,289.85,289.95,15726
2020-10-01 10:16,289.945,289.945,289.5,289.51,22080
2020-10-01 10:17,289.51,289.685,289.51,289.685,15988
2020-10-01 10:18,289.65,289.94,289.6,289.9075,20047
2020-10-01 10:19,289.895,289.99,289.8,289.95,30862
2020-10-01 10:20,289.94,289.97,289.797,289.94,33504
2020-10-01 10:21,289.96,289.96,289.63,289.74,12883
2020-10-01 10:22,289.74,289.97,289.68,289.93,14072
2020-10-01 10:23,289.91,289.94,289.73,289.74,12514
2020-10-01 10:24,289.76,290.29,289.74,290.2,21984
2020-10-01 10:25,290.16,290.4,290.04,290.34,24257
2020-10-01 10:26,290.36,290.5,290.31,290.31,29939
2020-10-01 10:27,290.3204,290.3204,290.075,290.09,9647
2020-10-01 10:28,290.061,290.061,289.81,289.84,10675
2020-10-01 10:29,289.82,289.94,289.78,289.94,13397
2020-10-01 10:30,289.94,290.05,289.8501,290.005,16962
2020-10-01 10:31,290.015,290.0749,289.92,290.03,13107
2020-10-01 10:32,290.09,290.15,289.99,290.05,18721
2020-10-01 10:33,290.055,290.29,290.01,290.245,19037
2020-10-01 10:34,290.238,290.3,290.17,290.3,15180
2020-10-01 10:35,290.3,290.3,290.15,290.22,13856
2020-10-01 10:36,290.24,290.313,290.06,290.08,17908
2020-10-01 10:37,290.035,290.169,290.005,290.02,16542
2020-10-01 10:38,290,290.01,289.9026,289.99,16949
2020-10-01 10:39,290,290.25,290,290.205,20221
2020-10-01 10:40,290.21,290.3,290.1401,290.1401,13221
2020-10-01 10:41,290.16,290.205,290.045,290.045,9421
2020-10-01 10:42,290.02,290.045,289.75,289.78,26300
2020-10-01 10:43,289.82,289.845,289.73,289.82,12084
2020-10-01 10:44,289.81,289.92,289.81,289.8987,11929
2020-10-01 10:45,289.9,289.91,289.72,289.74,10078
2020-10-01 10:46,289.735,289.8399,289.73,289.77,6949
2020-10-01 10:47,289.78,289.97,289.75,289.95,19990
2020-10-01 10:48,289.95,290.02,289.93,290.02,7853
2020-10-01 10:49,290.045,290.2597,290.04,290.22,12861
2020-10-01 10:50,290.28,290.3,290,290.14,20320
2020-10-01 10:51,290.13,290.135,290.035,290.08,8598
2020-10-01 10:52,290.1,290.2,290.1,290.16,9920
2020-10-01 10:53,290.19,290.48,290.17,290.42,21976
2020-10-01 10:54,290.45,290.51,290.38,290.5,34608
2020-10-01 10:55,290.49,290.67,290.45,290.5747,30549
2020-10-01 10:56,290.6,290.6,290.315,290.39,29172
2020-10-01 10:57,290.39,290.53,290.39,290.53,12802
2020-10-01 10:58,290.51,290.6,290.4884,290.53,17315
2020-10-01 10:59,290.51,290.875,290.21,290.585,113196
2020-10-01 11:00,290.64,291.2204,290.6,290.67,68425
2020-10-01 11:01,290.64,290.76,290.44,290.53,64618
2020-10-01 11:02,290.47,290.7,290.415,290.66,114183
2020-10-01 11:03,290.625,290.74,290.47,290.71,21492
2020-10-01 11:04,290.72,290.72,290.59,290.62,19690
2020-10-01 11:05,290.605,290.63,290.4,290.4,16330
2020-10-01 11:06,290.4,290.43,290.16,290.16,16909
2020-10-01 11:07,290.19,290.2699,290.1325,290.23,38946
2020-10-01 11:08,290.24,290.35,289.9,290.17,36718
2020-10-01 11:09,290.165,290.23,289.93,290.2,26961
2020-10-01 11:10,290.2,290.5,290.2,290.49,24579
2020-10-01 11:11,290.46,290.7,290.46,290.67,32690
2020-10-01 11:12,290.66,290.66,290.28,290.39,20750
2020-10-01 11:13,290.39,290.47,290.28,290.395,21641
2020-10-01 11:14,290.37,290.65,290.33,290.355,31988
2020-10-01 11:15,290.315,290.315,289.95,289.96,26512
2020-10-01 11:16,289.95,290.03,289.85,290.02,23451
2020-10-01 11:17,290.01,290.11,289.77,289.82,14433
2020-10-01 11:18,289.785,290.13,289.74,289.745,26228
2020-10-01 11:19,289.75,290.0399,289.741,289.9,36255
2020-10-01 11:20,289.8799,290.04,289.7663,290.04,29515
2020-10-01 11:21,290.04,290.2,289.97,290.04,20865
2020-10-01 11:22,290,290,289.85,289.92,13753
2020-10-01 11:23,289.92,290.06,289.815,289.88,13448
2020-10-01 11:24,289.8296,290.125,289.8296,290.085,12308
2020-10-01 11:25,290.05,290.08,289.84,289.86,25847
2020-10-01 11:26,289.86,290.13,289.8378,289.99,22260
2020-10-01 11:27,289.98,290.197,289.96,290.1145,21717
2020-10-01 11:28,290.14,290.18,289.92,290.145,17659
2020-10-01 11:29,290.11,290.38,290.05,290.2926,42536
2020-10-01 11:30,290.23,290.33,290.2,290.33,22719
2020-10-01 11:31,290.315,290.47,290.315,290.39,13523
2020-10-01 11:32,290.39,290.465,290.305,290.37,21164
2020-10-01 11:33,290.34,290.365,290.135,290.17,18192
2020-10-01 11:34,290.18,290.28,290,290.19,23677
2020-10-01 11:35,290.22,290.345,290.15,290.33,14857
2020-10-01 11:36,290.33,290.46,290.3081,290.435,10594
2020-10-01 11:37,290.44,290.5,290.28,290.36,19670
2020-10-01 11:38,290.335,290.49,290.2331,290.445,17678
2020-10-01 11:39,290.48,290.6799,290.48,290.62,24420
2020-10-01 11:40,290.6034,291.05,290.6034,291.025,36875
2020-10-01 11:41,291.03,291.07,290.71,290.8,37071
2020-10-01 11:42,290.82,290.8999,290.65,290.795,24583
2020-10-01 11:43,290.795,290.92,290.7,290.83,20618
2020-10-01 11:44,290.9,291.16,290.72,290.72,49110
2020-10-01 11:45,290.75,290.77,290.28,290.385,36772
2020-10-01 11:46,290.385,290.43,290.26,290.37,44150
2020-10-01 11:47,290.37,290.38,290.08,290.1132,15670
2020-10-01 11:48,290.1005,290.18,290.05,290.18,15783
2020-10-01 11:49,290.185,290.2717,290.16,290.16,10370
2020-10-01 11:50,290.16,290.23,290,290.2067,19974
2020-10-01 11:51,290.2002,290.29,290.08,290.1204,23440
2020-10-01 11:52,290.11,290.51,290.11,290.47,28498
2020-10-01 11:53,290.455,290.54,290.4,290.46,36229
2020-10-01 11:54,290.495,290.63,290.46,290.6207,14531
2020-10-01 11:55,290.57,290.58,290.36,290.54,26575
2020-10-01 11:56,290.55,290.73,290.54,290.64,17588
2020-10-01 11:57,290.65,290.7799,290.6,290.71,53616
2020-10-01 11:58,290.72,290.799,290.63,290.68,17427
2020-10-01 11:59,290.68,290.75,290.52,290.6585,18636
2020-10-01 12:00,290.66,290.94,290.66,290.83,25296
2020-10-01 12:01,290.8999,290.92,290.81,290.84,20172
2020-10-01 12:02,290.865,291.2,290.839,291.1562,27835
2020-10-01 12:03,291.16,291.49,291.15,291.445,34576
2020-10-01 12:04,291.42,291.59,291.4,291.44,30035
2020-10-01 12:05,291.445,291.48,291.22,291.23,23041
2020-10-01 12:06,291.21,291.24,290.91,290.97,31430
2020-10-01 12:07,290.965,291.11,290.88,290.9494,25595
2020-10-01 12:08,290.9374,290.9696,290.82,290.825,21840
2020-10-01 12:09,290.85,290.87,290.52,290.575,26607
2020-10-01 12:10,290.62,290.93,290.5636,290.88,21346
2020-10-01 12:11,290.875,290.875,290.45,290.5,24131
2020-10-01 12:12,290.45,290.52,290.2673,290.3,15067
2020-10-01 12:13,290.28,290.33,290.05,290.2199,24388
2020-10-01 12:14,290.22,290.24,289.91,289.92,39668
2020-10-01 12:15,289.97,290.01,289.77,289.79,27788
2020-10-01 12:16,289.7901,290.11,289.7901,289.94,18601
2020-10-01 12:17,289.943,290.03,289.82,290.015,23760
2020-10-01 12:18,289.99,290.07,289.94,290.02,15610
2020-10-01 12:19,290.05,290.05,289.6589,289.67,17997
2020-10-01 12:20,289.62,290.04,289.62,290.04,20553
2020-10-01 12:21,290.06,290.13,289.9201,289.98,23600
2020-10-01 12:22,290.03,290.03,289.6,289.73,38688
2020-10-01 12:23,289.75,289.86,289.71,289.7212,23923
2020-10-01 12:24,289.75,289.84,289.62,289.795,39729
2020-10-01 12:25,289.79,289.92,289.42,289.53,66236
2020-10-01 12:26,289.47,289.52,289.33,289.5,23439
2020-10-01 12:27,289.475,289.49,289.35,289.365,17574
2020-10-01 12:28,289.37,289.47,289.3,289.3032,23735
2020-10-01 12:29,289.305,289.41,289.2,289.37,45299
2020-10-01 12:30,289.365,289.54,289.3601,289.41,48339
2020-10-01 12:31,289.41,289.41,289,289.055,43350
2020-10-01 12:32,289.06,289.248,288.6672,288.7,92521
2020-10-01 12:33,288.685,288.99,288.685,288.96,40365
2020-10-01 12:34,288.98,289.14,288.9101,289,42588
2020-10-01 12:35,288.975,288.975,288.82,288.87,28075
2020-10-01 12:36,288.86,288.875,288.51,288.715,48435
2020-10-01 12:37,288.715,288.82,288.64,288.75,21286
2020-10-01 12:38,288.72,288.78,288.28,288.28,74791
2020-10-01 12:39,288.26,288.93,288.25,288.92,33817
2020-10-01 12:40,288.9,289.16,288.8082,288.841,55681
2020-10-01 12:41,288.84,288.98,288.76,288.93,32706
2020-10-01 12:42,288.97,289,288.84,288.955,28913
2020-10-01 12:43,288.94,288.97,288.81,288.97,33187
2020-10-01 12:44,288.95,289.05,288.89,288.96,28655
2020-10-01 12:45,288.96,289.0299,288.85,289.0299,32759
2020-10-01 12:46,288.995,289.12,288.9,289.04,46760
2020-10-01 12:47,289.035,289.18,289.03,289.125,29398
2020-10-01 12:48,289.13,289.175,289.04,289.11,37831
2020-10-01 12:49,289.1,289.1,288.915,288.94,28897
2020-10-01 12:50,288.945,289.19,288.945,289,45121
2020-10-01 12:51,289.02,289.35,288.97,289.28,46823
2020-10-01 12:52,289.29,289.36,289.23,289.35,54302
2020-10-01 12:53,289.34,289.575,289.31,289.55,55801
2020-10-01 12:54,289.54,289.85,289.52,289.78,52263
2020-10-01 12:55,289.77,290,289.77,289.955,93644
2020-10-01 12:56,289.96,290.08,289.74,289.97,89654
2020-10-01 12:57,289.98,290.1,289.83,289.89,86545
2020-10-01 12:58,289.88,290.06,289.82,289.95,92070
2020-10-01 12:59,289.97,290.07,289.58,290.02,172905
2020-10-02 06:30,286.62,286.99,286.51,286.85,9120
2020-10-02 06:31,286.9265,287.42,286.795,287.4,13245
2020-10-02 06:32,287.2,287.61,287.17,287.6065,13700
2020-10-02 06:33,287.49,289.3,287.22,288.12,572903
2020-10-02 06:34,288.04,288.642,287.58,288.4112,71167
2020-10-02 06:35,288.4305,288.9343,288.21,288.85,48990
2020-10-02 06:36,288.88,289.48,288.8,289.2102,61334
2020-10-02 06:37,289.2607,289.96,289.01,289.86,86612
2020-10-02 06:38,289.9,289.92,289.41,289.51,54629
2020-10-02 06:39,289.51,289.84,289.35,289.81,28136
2020-10-02 06:40,289.87,289.87,288.75,288.89,85415
2020-10-02 06:41,288.82,289.28,288.5,288.86,52062
2020-10-02 06:42,288.99,289.5,288.96,289.21,36415
2020-10-02 06:43,289.29,289.71,289.29,289.5745,19744
2020-10-02 06:44,289.66,289.9299,289.33,289.502,33720
2020-10-02 06:45,289.39,289.92,289.37,289.68,40027
2020-10-02 06:46,289.75,290.42,289.74,290.14,93744
2020-10-02 06:47,290.15,290.4,289.9201,290.27,47717
2020-10-02 06:48,290.26,290.8,290.26,290.4,36808
2020-10-02 06:49,290.48,291.42,290.05,291,123017
2020-10-02 06:50,291,291.108,290.33,290.33,57158
2020-10-02 06:51,290.35,290.43,289.82,289.89,56370
2020-10-02 06:52,289.85,290.09,289.4,289.64,78634
2020-10-02 06:53,289.65,290.08,289.47,290.08,21718
2020-10-02 06:54,290.08,290.31,290,290.24,29908
2020-10-02 06:55,290.205,290.34,290.08,290.34,33460
2020-10-02 06:56,290.275,290.52,290.2,290.36,40787
2020-10-02 06:57,290.35,290.58,290.08,290.55,30466
2020-10-02 06:58,290.579,290.92,290.51,290.8,28296
2020-10-02 06:59,290.79,291.32,290.6377,291.3,37184
2020-10-02 07:00,291.2899,291.47,290.8601,291.31,35713
2020-10-02 07:01,291.35,291.61,291.18,291.205,49011
2020-10-02 07:02,291.17,291.1999,290.4468,290.62,28324
2020-10-02 07:03,290.63,290.87,290.48,290.61,23165
2020-10-02 07:04,290.63,290.95,290.59,290.63,28449
2020-10-02 07:05,290.63,291,290.53,290.96,54546
2020-10-02 07:06,290.89,291.3,290.6,291.2895,34687
2020-10-02 07:07,291.25,291.28,290.66,290.83,32042
2020-10-02 07:08,290.85,291.04,290.66,290.97,41271
2020-10-02 07:09,291.05,291.2,290.875,291.11,37140
2020-10-02 07:10,291.19,291.4052,291.1401,291.2,52584
2020-10-02 07:11,291.2,291.38,291,291.11,39821
2020-10-02 07:12,291.11,291.55,291.11,291.55,37064
2020-10-02 07:13,291.515,291.9794,291.5,291.72,52803
2020-10-02 07:14,291.75,291.81,291.36,291.51,56731
2020-10-02 07:15,291.51,291.8,291.38,291.5587,33847
2020-10-02 07:16,291.61,291.76,291.26,291.29,22711
2020-10-02 07:17,291.3,291.4,290.74,290.75,40762
2020-10-02 07:18,290.765,290.79,290.42,290.63,56124
2020-10-02 07:19,290.685,291.11,290.6,291.06,45233
2020-10-02 07:20,291.06,291.2,290.94,291.011,21611
2020-10-02 07:21,291,291.22,290.84,291.135,13565
2020-10-02 07:22,291.17,291.27,290.61,290.61,25151
2020-10-02 07:23,290.61,290.68,290.42,290.42,40448
2020-10-02 07:24,290.42,290.47,290.2,290.23,32596
2020-10-02 07:25,290.265,290.4499,290.05,290.16,34292
2020-10-02 07:26,290.26,290.4,290.16,290.16,36809
2020-10-02 07:27,290.205,290.205,289.82,290.145,43437
2020-10-02 07:28,290.14,290.54,290.09,290.46,26719
2020-10-02 07:29,290.46,290.46,290.06,290.1795,18570
2020-10-02 07:30,290.15,290.15,289.67,289.9281,34070
2020-10-02 07:31,289.92,290.0784,289.725,289.985,19105
2020-10-02 07:32,290.09,290.11,289.87,290.06,33419
2020-10-02 07:33,290.103,290.27,290,290.04,41680
2020-10-02 07:34,290.04,290.31,290.03,290.2501,8376
2020-10-02 07:35,290.25,290.29,289.9,290.095,26749
2020-10-02 07:36,290.05,290.17,289.9,290.12,17149
2020-10-02 07:37,290.13,290.2799,290.09,290.23,18984
2020-10-02 07:38,290.09,290.25,289.8,289.83,22700
2020-10-02 07:39,289.81,289.97,289.8,289.8099,16242
2020-10-02 07:40,289.8,290,289.71,289.74,24119
2020-10-02 07:41,289.71,289.95,289.7,289.81,16699
2020-10-02 07:42,289.85,289.85,289.71,289.75,15356
2020-10-02 07:43,289.745,290,289.71,289.9984,21269
2020-10-02 07:44,289.96,290.0365,289.69,289.96,21703
2020-10-02 07:45,289.97,290.04,289.85,289.91,14704
2020-10-02 07:46,289.9,290.06,289.83,289.995,16751
2020-10-02 07:47,289.97,290.11,289.88,290,48931
2020-10-02 07:48,290,290.5,289.9394,290.48,36212
2020-10-02 07:49,290.52,290.65,290.45,290.47,40319
2020-10-02 07:50,290.56,290.56,290.1601,290.28,20257
2020-10-02 07:51,290.21,290.39,290.1536,290.25,18036
2020-10-02 07:52,290.29,290.54,290.15,290.54,12613
2020-10-02 07:53,290.46,290.62,290.21,290.32,23110
2020-10-02 07:54,290.22,290.265,289.94,290.02,16442
2020-10-02 07:55,290.02,290.48,290.02,290.39,11662
2020-10-02 07:56,290.39,290.53,290.3,290.44,21608
2020-10-02 07:57,290.44,290.45,290.14,290.14,51014
2020-10-02 07:58,290.31,290.42,290.18,290.25,49006
2020-10-02 07:59,290.25,290.39,290.25,290.26,45742
2020-10-02 08:00,290.29,290.29,289.855,289.91,75246
2020-10-02 08:01,289.93,290.06,289.88,290.01,12690
2020-10-02 08:02,289.99,290.3,289.99,290.18,10212
2020-10-02 08:03,290.16,290.389,290.16,290.29,15131
2020-10-02 08:04,290.33,290.33,289.955,289.955,18377
2020-10-02 08:05,289.85,289.97,289.7,289.76,24637
2020-10-02 08:06,289.755,290.065,289.72,290.06,30873
2020-10-02 08:07,289.985,290.2,289.7,289.825,44713
2020-10-02 08:08,289.83,289.88,289.5,289.745,37899
2020-10-02 08:09,289.85,290.16,289.63,289.85,38290
2020-10-02 08:10,289.795,290.05,289.75,289.905,12946
2020-10-02 08:11,289.84,289.97,289.83,289.88,11195
2020-10-02 08:12,289.83,289.94,289.785,289.785,9031
2020-10-02 08:13,289.73,289.935,289.73,289.935,13045
2020-10-02 08:14,290,290.03,289.82,289.89,7633
2020-10-02 08:15,289.95,290.05,289.58,289.75,23871
2020-10-02 08:16,289.76,289.84,289.62,289.7614,10252
2020-10-02 08:17,289.76,290.1,289.76,289.95,23775
2020-10-02 08:18,290.01,290.01,289.7908,289.89,10101
2020-10-02 08:19,289.84,290.1,289.81,289.96,15769
2020-10-02 08:20,289.9,290.11,289.8942,290.045,15803
2020-10-02 08:21,290.05,290.19,290,290.125,11334
2020-10-02 08:22,290.09,290.23,290.02,290.075,28944
2020-10-02 08:23,290.11,290.27,289.95,289.95,28511
2020-10-02 08:24,289.9601,290.2133,289.96,290.15,24724
2020-10-02 08:25,290.15,290.22,289.89,289.92,23286
2020-10-02 08:26,289.91,290.07,289.75,289.75,22990
2020-10-02 08:27,289.77,289.98,289.76,289.78,20328
2020-10-02 08:28,289.87,289.8799,289.5,289.63,37495
2020-10-02 08:29,289.685,289.88,289.36,289.4,64243
2020-10-02 08:30,289.35,289.48,289.27,289.48,21660
2020-10-02 08:31,289.3825,289.6,289.1,289.1225,27728
2020-10-02 08:32,289.1,289.22,288.95,289.08,28049
2020-10-02 08:33,289.14,289.34,288.98,289.065,27584
2020-10-02 08:34,289.0452,289.065,288.78,288.813,28808
2020-10-02 08:35,288.7509,288.95,288.62,288.885,20425
2020-10-02 08:36,288.77,289.01,288.55,288.72,32555
2020-10-02 08:37,288.74,288.82,288.56,288.59,20797
2020-10-02 08:38,288.55,288.55,288.25,288.34,26975
2020-10-02 08:39,288.33,288.44,288.3,288.3476,9417
2020-10-02 08:40,288.35,288.44,288.27,288.3399,21080
2020-10-02 08:41,288.27,288.38,288.1,288.172,29742
2020-10-02 08:42,288.18,288.52,288.17,288.39,28723
2020-10-02 08:43,288.36,288.8,288.34,288.6244,33332
2020-10-02 08:44,288.59,288.82,288.5191,288.75,12396
2020-10-02 08:45,288.64,288.86,288.58,288.86,11872
2020-10-02 08:46,288.85,289.27,288.8,289.05,20350
2020-10-02 08:47,289.09,289.29,289,289.29,8593
2020-10-02 08:48,289.1811,289.1811,289,289,10738
2020-10-02 08:49,289.0072,289.12,289.0072,289.07,17639
2020-10-02 08:50,289.07,289.09,288.8,289.09,17141
2020-10-02 08:51,289.085,289.26,289.02,289.17,10667
2020-10-02 08:52,289.225,289.28,288.93,289.05,11061
2020-10-02 08:53,289.01,289.01,288.62,288.6899,10927
2020-10-02 08:54,288.68,288.9,288.5842,288.69,11905
2020-10-02 08:55,288.68,288.68,288.32,288.4,12046
2020-10-02 08:56,288.33,288.54,288.04,288.13,24386
2020-10-02 08:57,288.05,288.1,287.65,287.71,32240
2020-10-02 08:58,287.6791,287.99,287.65,287.885,27207
2020-10-02 08:59,287.88,288.32,287.865,287.865,30722
2020-10-02 09:00,287.8,287.86,287.62,287.65,22775
2020-10-02 09:01,287.58,287.58,286.84,286.92,81198
2020-10-02 09:02,286.94,287.42,286.9125,287.295,52499
2020-10-02 09:03,287.37,287.37,286.97,286.97,19888
2020-10-02 09:04,286.93,287.01,286.77,286.89,30318
2020-10-02 09:05,286.89,287.01,286.575,286.81,31879
2020-10-02 09:06,286.92,287.27,286.92,287.15,26164
2020-10-02 09:07,287.1728,287.5,287.12,287.34,20439
2020-10-02 09:08,287.31,287.7,287,287.2,54919
2020-10-02 09:09,287.11,287.3,287.04,287.28,29339
2020-10-02 09:10,287.27,287.58,287.23,287.27,23931
2020-10-02 09:11,287.315,287.45,287.315,287.44,14629
2020-10-02 09:12,287.44,287.7426,287.29,287.61,22688
2020-10-02 09:13,287.62,288.47,287.57,287.98,41791
2020-10-02 09:14,287.985,288.51,287.97,288.125,38718
2020-10-02 09:15,288.17,288.29,287.785,288.0008,14865
2020-10-02 09:16,288.025,288.43,288.025,288.34,20416
2020-10-02 09:17,288.32,288.65,288.22,288.57,43917
2020-10-02 09:18,288.605,288.76,288.48,288.49,20335
2020-10-02 09:19,288.4818,288.95,288.4818,288.95,16849
2020-10-02 09:20,288.95,289.1,288.905,289,19050
2020-10-02 09:21,288.965,289.01,288.74,288.78,10194
2020-10-02 09:22,288.77,288.81,288.5,288.5,11598
2020-10-02 09:23,288.5016,288.64,288.15,288.15,29055
2020-10-02 09:24,288.07,288.36,288.07,288.2664,10232
2020-10-02 09:25,288.24,288.35,288.1828,288.275,4988
2020-10-02 09:26,288.33,288.6137,288.33,288.41,18714
2020-10-02 09:27,288.41,288.48,288.26,288.45,11725
2020-10-02 09:28,288.41,288.41,288.07,288.185,14799
2020-10-02 09:29,288.08,288.1,287.89,287.91,20542
2020-10-02 09:30,287.91,288.22,287.91,287.95,15474
2020-10-02 09:31,287.99,288.1,287.48,287.48,9022
2020-10-02 09:32,287.57,287.62,287.2452,287.2452,18741
2020-10-02 09:33,287.265,287.41,287.2,287.21,32118
2020-10-02 09:34,287.22,287.54,287.22,287.4586,14837
2020-10-02 09:35,287.36,287.64,287.36,287.62,15766
2020-10-02 09:36,287.59,287.71,287.5376,287.7094,8440
2020-10-02 09:37,287.715,287.95,287.715,287.7801,7637
2020-10-02 09:38,287.93,288.2,287.92,288.0953,13763
2020-10-02 09:39,288.1,288.48,288.05,288.43,11950
2020-10-02 09:40,288.38,288.47,288.2,288.34,4680
2020-10-02 09:41,288.35,288.4277,288.23,288.23,15242
2020-10-02 09:42,288.29,288.42,288.0638,288.145,25178
2020-10-02 09:43,288.19,288.58,288.19,288.53,33655
2020-10-02 09:44,288.526,288.6499,288.38,288.515,20060
2020-10-02 09:45,288.57,288.659,288.38,288.6199,15657
2020-10-02 09:46,288.61,288.75,288.51,288.51,15503
2020-10-02 09:47,288.55,288.614,288.38,288.4,10930
2020-10-02 09:48,288.45,288.47,288.28,288.375,8276
2020-10-02 09:49,288.45,288.56,288.39,288.39,4125
2020-10-02 09:50,288.49,288.49,288.04,288.23,17228
2020-10-02 09:51,288.3299,288.3299,288.07,288.1,8367
2020-10-02 09:52,288.1392,288.2236,288.13,288.2236,4047
2020-10-02 09:53,288.185,288.41,288.0501,288.35,12693
2020-10-02 09:54,288.4,288.67,288.4,288.54,10620
2020-10-02 09:55,288.52,288.585,288.41,288.46,13354
2020-10-02 09:56,288.468,288.52,288.29,288.5195,6887
2020-10-02 09:57,288.46,288.56,288.39,288.39,8513
2020-10-02 09:58,288.415,288.45,288.07,288.07,11248
2020-10-02 09:59,288.15,288.15,287.89,287.995,12930
2020-10-02 10:00,288.01,288.41,288.01,288.39,13875
2020-10-02 10:01,288.31,288.31,287.89,287.96,12474
2020-10-02 10:02,288.03,288.24,288.02,288.065,11525
2020-10-02 10:03,288.14,288.1955,288.03,288.145,9991
2020-10-02 10:04,288.16,288.17,288.01,288.06,8806
2020-10-02 10:05,288.01,288.1,287.72,287.82,15864
2020-10-02 10:06,287.85,287.85,287.66,287.74,4696
2020-10-02 10:07,287.8,287.88,287.68,287.8,6055
2020-10-02 10:08,287.81,287.953,287.71,287.95,5381
2020-10-02 10:09,287.89,288.03,287.84,287.89,12727
2020-10-02 10:10,287.85,288.11,287.84,288.085,9612
2020-10-02 10:11,288.13,288.22,287.93,288.155,9586
2020-10-02 10:12,288.1316,288.1316,287.65,287.69,8228
2020-10-02 10:13,287.75,287.81,287.65,287.77,4296
2020-10-02 10:14,287.72,287.86,287.58,287.59,10406
2020-10-02 10:15,287.65,287.665,287.52,287.665,5899
2020-10-02 10:16,287.63,287.7488,287.62,287.7488,4947
2020-10-02 10:17,287.74,287.7916,287.62,287.63,14266
2020-10-02 10:18,287.57,287.6,287.47,287.54,7387
2020-10-02 10:19,287.58,287.79,287.47,287.79,19201
2020-10-02 10:20,287.69,287.72,287.54,287.67,8424
2020-10-02 10:21,287.735,287.88,287.735,287.87,4054
2020-10-02 10:22,287.79,287.83,287.635,287.68,11546
2020-10-02 10:23,287.61,288.02,287.55,287.95,13204
2020-10-02 10:24,288.01,288.05,287.95,287.98,6696
2020-10-02 10:25,287.99,288.0499,287.89,287.89,6494
2020-10-02 10:26,287.9,288.03,287.85,288.03,9297
2020-10-02 10:27,288.03,288.22,288.03,288.17,14771
2020-10-02 10:28,288.15,288.15,287.94,288.0078,14334
2020-10-02 10:29,288.06,288.25,288.05,288.14,8106
2020-10-02 10:30,288.23,288.26,288.03,288.09,10146
2020-10-02 10:31,288.28,288.34,288.0708,288.1092,15567
2020-10-02 10:32,288.11,288.11,287.765,287.83,20791
2020-10-02 10:33,287.835,287.87,287.72,287.75,8807
2020-10-02 10:34,287.86,287.875,287.65,287.76,6826
2020-10-02 10:35,287.708,288.06,287.708,287.91,20421
2020-10-02 10:36,287.885,288.1,287.83,288.02,7625
2020-10-02 10:37,288.02,288.12,287.99,288.025,12527
2020-10-02 10:38,288.02,288.1499,287.97,288.025,13200
2020-10-02 10:39,288.035,288.29,288.01,288.24,9735
2020-10-02 10:40,288.29,288.29,287.3,287.335,23115
2020-10-02 10:41,287.325,287.58,287.27,287.44,12220
2020-10-02 10:42,287.49,287.65,287.43,287.59,14926
2020-10-02 10:43,287.61,287.7,287.46,287.63,12812
2020-10-02 10:44,287.71,287.73,287.61,287.7,3091
2020-10-02 10:45,287.61,287.69,287.465,287.6,13457
2020-10-02 10:46,287.55,287.86,287.49,287.695,12561
2020-10-02 10:47,287.695,287.9971,287.63,287.92,14180
2020-10-02 10:48,287.845,287.95,287.78,287.92,7441
2020-10-02 10:49,287.92,287.9661,287.69,287.84,1175214.0
2020-10-02 10:50,287.865,287.95,287.68,287.95,8505
2020-10-02 10:51,287.8468,287.99,287.83,287.92,4852
2020-10-02 10:52,287.85,288.16,287.8,288.12,15161
2020-10-02 10:53,288.01,288.2899,288.01,288.245,5779
2020-10-02 10:54,288.245,288.37,288.12,288.12,9149
2020-10-02 10:55,288.09,288.17,288.05,288.1,4462
2020-10-02 10:56,288.115,288.2,288.06,288.2,5092
2020-10-02 10:57,288.15,288.3096,288.13,288.21,6795
2020-10-02 10:58,288.16,288.3501,288.12,288.33,8888
2020-10-02 10:59,288.295,288.32,288.2,288.245,5949
2020-10-02 11:00,288.2,288.65,288.17,288.46,25147
2020-10-02 11:01,288.5599,288.5599,288.41,288.52,4984
2020-10-02 11:02,288.53,289.07,288.5,288.74,40354
2020-10-02 11:03,288.8945,289,288.81,288.94,12629
2020-10-02 11:04,288.89,289.08,288.87,289.022,9772
2020-10-02 11:05,289.05,289.08,288.9,288.98,9723
2020-10-02 11:06,288.93,289.35,288.9,289.35,19844
2020-10-02 11:07,289.298,289.298,289.19,289.26,9871
2020-10-02 11:08,289.26,289.3,289.2,289.3,5827
2020-10-02 11:09,289.37,289.46,289.29,289.34,6088
2020-10-02 11:10,289.42,289.42,289.11,289.11,27428
2020-10-02 11:11,289.22,289.37,289.2,289.3422,9252
2020-10-02 11:12,289.38,289.58,289.36,289.47,9567
2020-10-02 11:13,289.45,289.48,289.165,289.265,10726
2020-10-02 11:14,289.27,289.31,289.015,289.09,17195
2020-10-02 11:15,289.11,289.11,288.96,288.995,7680
2020-10-02 11:16,289,289.065,288.92,289.065,10047
2020-10-02 11:17,289.0716,289.12,288.92,289.08,11018
2020-10-02 11:18,289.08,289.26,289.08,289.21,10882
2020-10-02 11:19,289.22,289.29,289.17,289.195,5224
2020-10-02 11:20,289.23,289.44,289.23,289.31,168961
2020-10-02 11:21,289.35,289.5,289.35,289.4,7147
2020-10-02 11:22,289.37,289.37,288.9,289.115,18527
2020-10-02 11:23,289.11,289.11,288.81,288.87,10488
2020-10-02 11:24,288.865,288.89,288.69,288.89,9233
2020-10-02 11:25,288.85,288.8734,288.65,288.71,11900
2020-10-02 11:26,288.79,288.86,288.72,288.78,6763
2020-10-02 11:27,288.7696,288.92,288.76,288.81,6474
2020-10-02 11:28,288.89,288.91,288.77,288.84,4564
2020-10-02 11:29,288.84,289.1,288.73,289.015,28558
2020-10-02 11:30,289.06,289.14,288.83,288.86,10127
2020-10-02 11:31,288.86,288.86,288.5101,288.72,15035
2020-10-02 11:32,288.675,288.81,288.56,288.65,9356
2020-10-02 11:33,288.615,288.615,288.23,288.32,32569
2020-10-02 11:34,288.33,288.5944,288.33,288.53,9676
2020-10-02 11:35,288.59,288.7,288.32,288.44,14515
2020-10-02 11:36,288.44,288.65,288.38,288.51,75389
2020-10-02 11:37,288.5,288.57,288.398,288.44,6781
2020-10-02 11:38,288.42,288.59,288.42,288.49,18184
2020-10-02 11:39,288.47,288.51,288.38,288.38,14782
2020-10-02 11:40,288.38,288.58,288.325,288.34,15140
2020-10-02 11:41,288.395,288.76,288.36,288.72,12230
2020-10-02 11:42,288.69,289,288.65,289,11166
2020-10-02 11:43,288.92,288.98,288.74,288.74,7072
2020-10-02 11:44,288.69,288.88,288.69,288.815,8104
2020-10-02 11:45,288.81,288.82,288.56,288.6,16093
2020-10-02 11:46,288.555,289.29,288.555,289.15,33583
2020-10-02 11:47,289.14,289.28,288.89,289,24361
2020-10-02 11:48,289.03,289.03,288.71,288.92,13180
2020-10-02 11:49,288.94,289.44,288.94,289.13,30690
2020-10-02 11:50,289.13,289.24,288.64,288.745,28990
2020-10-02 11:51,288.755,289.05,288.755,289,23506
2020-10-02 11:52,288.97,289.15,288.85,288.895,7706
2020-10-02 11:53,288.95,289.42,288.91,289.14,29562
2020-10-02 11:54,289.08,289.29,289.0201,289.235,8212
2020-10-02 11:55,289.29,290.03,289.29,289.66,58455
2020-10-02 11:56,289.57,289.69,289.24,289.24,18003
2020-10-02 11:57,289.31,289.56,289.29,289.54,19423
2020-10-02 11:58,289.43,289.69,289.29,289.38,12993
2020-10-02 11:59,289.34,289.7,289.27,289.27,30661
2020-10-02 12:00,289.31,289.39,289.025,289.025,15259
2020-10-02 12:01,288.99,289.33,288.88,288.98,19739
2020-10-02 12:02,288.98,289.12,288.8,288.89,20680
2020-10-02 12:03,288.9,289.47,288.88,289.17,23823
2020-10-02 12:04,289.17,289.55,289.0001,289.1,24090
2020-10-02 12:05,289.1,289.1,288.85,288.97,11631
2020-10-02 12:06,288.92,289.2,288.88,289,11840
2020-10-02 12:07,289.025,289.28,288.94,289.02,22553
2020-10-02 12:08,289,289.04,288.815,288.915,8132
2020-10-02 12:09,288.8977,288.98,288.8,288.91,17681
2020-10-02 12:10,288.95,289.42,288.85,289.17,22914
2020-10-02 12:11,289.16,289.59,288.52,288.635,57532
2020-10-02 12:12,288.71,288.97,288.405,288.59,18971
2020-10-02 12:13,288.7,289.06,288.61,288.69,35319
2020-10-02 12:14,288.84,288.93,288.7742,288.88,11911
2020-10-02 12:15,288.795,288.86,288.665,288.665,16830
2020-10-02 12:16,288.68,288.8,288.63,288.69,24745
2020-10-02 12:17,288.685,288.84,288.61,288.7,18564
2020-10-02 12:18,288.73,288.81,288.65,288.81,15181
2020-10-02 12:19,288.81,289.03,288.77,288.88,21519
2020-10-02 12:20,288.85,289.17,288.6521,289.12,18660
2020-10-02 12:21,289.13,289.13,289.0171,289.095,7940
2020-10-02 12:22,289.09,289.17,288.935,289.16,20739
2020-10-02 12:23,289.19,289.3,289.0501,289.2349,10889
2020-10-02 12:24,289.18,289.18,288.98,289.175,11394
2020-10-02 12:25,289.12,289.29,289.12,289.25,8140
2020-10-02 12:26,289.27,289.27,289.08,289.195,19178
2020-10-02 12:27,289.16,289.32,289.11,289.31,14819
2020-10-02 12:28,289.23,289.295,289.13,289.16,8849
2020-10-02 12:29,289.14,289.39,289.14,289.31,15240
2020-10-02 12:30,289.329,289.4,289.24,289.4,24827
2020-10-02 12:31,289.39,289.49,289.29,289.345,15997
2020-10-02 12:32,289.325,289.4,289.1102,289.36,15249
2020-10-02 12:33,289.37,289.455,289.25,289.42,27423
2020-10-02 12:34,289.39,289.49,289.39,289.46,6985
2020-10-02 12:35,289.42,289.68,289.41,289.68,21199
2020-10-02 12:36,289.64,289.73,289.55,289.6,33070
2020-10-02 12:37,289.55,289.73,289.55,289.7,17056
2020-10-02 12:38,289.7,289.87,289.7,289.76,34943
2020-10-02 12:39,289.78,289.81,289.6,289.665,36005
2020-10-02 12:40,289.64,289.68,289.53,289.66,23666
2020-10-02 12:41,289.6,289.64,289.15,289.18,24938
2020-10-02 12:42,289.18,289.2,289.04,289.04,31321
2020-10-02 12:43,289.075,289.385,289.06,289.34,32167
2020-10-02 12:44,289.34,289.38,289.18,289.24,31729
2020-10-02 12:45,289.18,289.295,289.16,289.29,23791
2020-10-02 12:46,289.305,289.46,289.29,289.375,28844
2020-10-02 12:47,289.38,289.59,289.335,289.55,27165
2020-10-02 12:48,289.55,289.55,289.19,289.19,18630
2020-10-02 12:49,289.23,289.34,289.0996,289.34,27914
2020-10-02 12:50,289.34,289.38,288.93,289.01,46514
2020-10-02 12:51,288.995,289.07,288.91,288.977,43869
2020-10-02 12:52,288.96,288.96,288.77,288.88,34484
2020-10-02 12:53,288.88,288.95,288.77,288.81,22153
2020-10-02 12:54,288.8,288.85,288.61,288.61,40208
2020-10-02 12:55,288.605,288.642,288.56,288.642,30384
2020-10-02 12:56,288.63,288.81,288.575,288.73,43242
2020-10-02 12:57,288.71,288.95,288.7,288.94,47645
2020-10-02 12:58,288.935,288.97,288.56,288.59,60388
2020-10-02 12:59,288.59,288.68,288.29,288.29,162881
2020-10-05 06:30,289.06,290,288.7,289.27,444298
2020-10-05 06:31,289.36,289.6,288.57,288.62,123524
2020-10-05 06:32,288.585,288.95,288.33,288.639,78828
2020-10-05 06:33,288.63,289.3099,288.585,288.8355,69763
2020-10-05 06:34,288.66,288.71,288.31,288.385,58886
2020-10-05 06:35,288.385,288.43,287.55,287.7355,85091
2020-10-05 06:36,287.8,287.98,287.61,287.64,59468
2020-10-05 06:37,287.6,287.8591,287.48,287.7,114620
2020-10-05 06:38,287.74,288.3794,287.59,288.2193,68272
2020-10-05 06:39,288.2,288.35,287.955,288.06,69640
2020-10-05 06:40,288.01,288.35,287.75,288.35,61119
2020-10-05 06:41,288.29,288.58,288.21,288.242,60906
2020-10-05 06:42,288.24,288.725,288.22,288.32,34270
2020-10-05 06:43,288.35,288.67,288.26,288.57,31551
2020-10-05 06:44,288.57,288.6516,288.3,288.365,39552
2020-10-05 06:45,288.37,288.39,288,288.22,30509
2020-10-05 06:46,288.25,288.655,288.25,288.535,29254
2020-10-05 06:47,288.44,288.85,288.44,288.8,23661
2020-10-05 06:48,288.81,288.86,288.3,288.33,56372
2020-10-05 06:49,288.27,288.43,288.1388,288.32,20103
2020-10-05 06:50,288.32,288.58,288.06,288.09,27820
2020-10-05 06:51,288.08,288.55,288.0705,288.19,25306
2020-10-05 06:52,288.22,288.2816,288.08,288.17,34044
2020-10-05 06:53,288.135,288.56,288.09,288.5,29510
2020-10-05 06:54,288.505,288.76,288.2,288.2532,47698
2020-10-05 06:55,288.25,288.28,287.94,288,60372
2020-10-05 06:56,288,288.2015,287.93,288.0698,60555
2020-10-05 06:57,288.07,288.07,287.87,287.99,36820
2020-10-05 06:58,287.98,287.98,287.61,287.62,66542
2020-10-05 06:59,287.65,288.025,287.61,287.8,42701
2020-10-05 07:00,287.74,288.24,287.74,288.22,26963
2020-10-05 07:01,288.2417,288.29,288.02,288.2885,56674
2020-10-05 07:02,288.26,288.38,288.23,288.255,51651
2020-10-05 07:03,288.23,288.42,287.92,287.92,42879
2020-10-05 07:04,287.85,288.12,287.73,287.86,40771
2020-10-05 07:05,287.84,288.04,287.65,287.72,31537
2020-10-05 07:06,287.79,288.04,287.75,287.82,35417
2020-10-05 07:07,287.815,288.03,287.79,287.88,57903
2020-10-05 07:08,287.9,288.0299,287.76,287.89,49897
2020-10-05 07:09,287.86,287.98,287.65,287.97,39629
2020-10-05 07:10,287.98,288.25,287.7832,287.82,77523
2020-10-05 07:11,287.88,288.21,287.5,287.54,78234
2020-10-05 07:12,287.51,287.65,287.5,287.51,42012
2020-10-05 07:13,287.5,287.78,287.49,287.6361,74284
2020-10-05 07:14,287.61,287.81,287.3652,287.51,71564
2020-10-05 07:15,287.51,287.6,287.24,287.27,37765
2020-10-05 07:16,287.2835,287.47,287.1,287.175,39230
2020-10-05 07:17,287.165,287.31,286.94,287.05,56385
2020-10-05 07:18,287.06,287.09,286.82,286.95,62819
2020-10-05 07:19,286.95,287.0599,286.84,286.91,78949
2020-10-05 07:20,286.894,287.02,286.84,286.99,36164
2020-10-05 07:21,286.975,287.03,286.815,286.85,34694
2020-10-05 07:22,286.84,287.13,286.84,286.9732,29090
2020-10-05 07:23,286.89,286.98,286.75,286.98,35607
2020-10-05 07:24,287,287.34,286.98,287.34,73077
2020-10-05 07:25,287.34,287.6,287.34,287.53,493829
2020-10-05 07:26,287.53,287.56,287.35,287.5,34481
2020-10-05 07:27,287.4,287.45,287.14,287.35,18445
2020-10-05 07:28,287.32,287.42,287.19,287.21,15368
2020-10-05 07:29,287.18,287.18,286.92,287.05,28715
2020-10-05 07:30,287.05,287.255,287.05,287.13,26558
2020-10-05 07:31,287.13,287.31,287.12,287.31,83373
2020-10-05 07:32,287.34,287.5,287.28,287.4341,33998
2020-10-05 07:33,287.43,287.43,286.9,286.9599,35615
2020-10-05 07:34,286.9142,287.0994,286.65,286.71,36024
2020-10-05 07:35,286.73,287.01,286.71,286.82,57554
2020-10-05 07:36,286.81,286.849,286.65,286.74,29160
2020-10-05 07:37,286.7356,286.78,286.61,286.7,28127
2020-10-05 07:38,286.7,286.7,286.52,286.6,37722
2020-10-05 07:39,286.56,286.68,286.22,286.29,64497
2020-10-05 07:40,286.29,286.62,286.17,286.22,181999
2020-10-05 07:41,286.29,287.17,286.28,287.0924,187397
2020-10-05 07:42,287.11,287.79,286.97,287.65,92390
2020-10-05 07:43,287.6301,287.9,287.55,287.9,67688
2020-10-05 07:44,287.9,287.9018,287.48,287.5,93765
2020-10-05 07:45,287.495,287.87,287.45,287.63,68995
2020-10-05 07:46,287.62,287.63,287.32,287.4429,35075
2020-10-05 07:47,287.4499,287.52,287.41,287.49,32697
2020-10-05 07:48,287.5,287.71,287.39,287.63,54260
2020-10-05 07:49,287.5788,287.715,287.45,287.62,57580
2020-10-05 07:50,287.652,287.95,287.62,287.7448,30491
2020-10-05 07:51,287.73,287.91,287.71,287.855,40656
2020-10-05 07:52,287.8599,288.25,287.8599,288.025,61873
2020-10-05 07:53,288.025,288.2899,287.93,288.09,41076
2020-10-05 07:54,288.115,288.165,288.02,288.06,30755
2020-10-05 07:55,288.06,288.35,288.05,288.15,55884
2020-10-05 07:56,288.15,288.2,287.89,287.8931,45144
2020-10-05 07:57,287.88,287.97,287.76,287.97,28603
2020-10-05 07:58,287.96,288.0499,287.83,288,14052
2020-10-05 07:59,287.98,287.98,287.7701,287.7701,29371
2020-10-05 08:00,287.77,287.8,287.24,287.25,33526
2020-10-05 08:01,287.21,287.26,286.7107,286.92,75011
2020-10-05 08:02,286.92,287.23,286.92,287.05,29703
2020-10-05 08:03,287.07,287.25,287.04,287.06,35615
2020-10-05 08:04,287.05,287.25,287.02,287.11,49342
2020-10-05 08:05,287.12,287.33,287.02,287.13,47951
2020-10-05 08:06,287.13,287.19,287,287.06,38720
2020-10-05 08:07,287.065,287.195,287.03,287.12,241725
2020-10-05 08:08,287.15,287.45,287.15,287.24,31534
2020-10-05 08:09,287.24,287.28,287.16,287.205,33071
2020-10-05 08:10,287.23,287.27,286.9554,286.97,25249
2020-10-05 08:11,286.97,287.2818,286.9561,287.125,24551
2020-10-05 08:12,287.1,287.35,287.1,287.25,19403
2020-10-05 08:13,287.275,287.42,287.26,287.345,20388
2020-10-05 08:14,287.37,287.4499,287,287,27466
2020-10-05 08:15,287.0288,287.49,286.92,287.49,27151
2020-10-05 08:16,287.43,287.54,287.24,287.26,58396
2020-10-05 08:17,287.2,287.24,287.07,287.15,25029
2020-10-05 08:18,287.12,287.22,287.07,287.22,22136
2020-10-05 08:19,287.22,287.63,287.18,287.63,21067
2020-10-05 08:20,287.68,287.7116,287.4,287.47,27308
2020-10-05 08:21,287.47,287.47,287.29,287.44,12795
2020-10-05 08:22,287.43,287.5107,287.3,287.3,17262
2020-10-05 08:23,287.3309,287.36,287.21,287.24,28326
2020-10-05 08:24,287.24,287.33,287.11,287.1419,20402
2020-10-05 08:25,287.12,287.24,287.095,287.19,17991
2020-10-05 08:26,287.19,287.23,287.12,287.21,23608
2020-10-05 08:27,287.19,287.19,286.8312,286.93,64975
2020-10-05 08:28,286.99,287.25,286.95,287.25,21489
2020-10-05 08:29,287.25,287.32,287.03,287.07,24079
2020-10-05 08:30,287.05,287.19,287.02,287.15,16655
2020-10-05 08:31,287.111,289,286.95,287,24261
2020-10-05 08:32,286.99,287.13,286.96,286.99,21404
2020-10-05 08:33,286.99,287.085,286.96,287.085,22981
2020-10-05 08:34,287.12,287.12,286.865,286.91,16050
2020-10-05 08:35,286.91,287.1,286.895,286.9,12254
2020-10-05 08:36,286.92,286.92,286.775,286.8007,19080
2020-10-05 08:37,286.8249,287.04,286.82,286.97,26710
2020-10-05 08:38,286.995,287.03,286.78,286.87,31100
2020-10-05 08:39,286.84,286.84,286.6,286.65,19145
2020-10-05 08:40,286.64,286.68,286.52,286.63,31340
2020-10-05 08:41,286.65,286.7,286.56,286.69,15773
2020-10-05 08:42,286.69,286.75,286.52,286.535,19113
2020-10-05 08:43,286.535,286.535,286.22,286.22,52152
2020-10-05 08:44,286.25,286.51,286.1,286.505,42313
2020-10-05 08:45,286.45,286.56,286.28,286.49,24065
2020-10-05 08:46,286.49,286.62,286.46,286.59,21739
2020-10-05 08:47,286.57,286.81,286.539,286.75,7860
2020-10-05 08:48,286.7,286.74,286.595,286.65,19970
2020-10-05 08:49,286.67,286.87,286.67,286.78,12803
2020-10-05 08:50,286.77,286.78,286.61,286.62,16629
2020-10-05 08:51,286.63,286.78,286.54,286.78,16370
2020-10-05 08:52,286.77,286.85,286.74,286.77,9181
2020-10-05 08:53,286.77,287.1,286.77,287.03,36880
2020-10-05 08:54,287.03,287.03,286.65,286.65,14241
2020-10-05 08:55,286.665,286.82,286.665,286.74,23428
2020-10-05 08:56,286.76,286.835,286.72,286.78,24353
2020-10-05 08:57,286.73,286.91,286.73,286.86,15345
2020-10-05 08:58,286.86,287.03,286.835,286.97,20117
2020-10-05 08:59,286.93,287.18,286.91,287.08,31460
2020-10-05 09:00,287.09,287.18,286.93,286.98,29106
2020-10-05 09:01,286.89,286.9299,286.84,286.88,11578
2020-10-05 09:02,286.915,287.1459,286.89,287.03,20483
2020-10-05 09:03,287.06,287.06,286.845,286.88,22012
2020-10-05 09:04,286.91,287.03,286.9001,286.9001,13242
2020-10-05 09:05,286.94,287.21,286.94,287.09,17439
2020-10-05 09:06,287.135,287.21,286.95,286.98,21901
2020-10-05 09:07,286.95,286.99,286.8,286.845,26153
2020-10-05 09:08,286.8425,286.93,286.835,286.9,16586
2020-10-05 09:09,286.86,286.87,286.79,286.81,18221
2020-10-05 09:10,286.81,286.84,286.65,286.8,41904
2020-10-05 09:11,286.78,286.9,286.77,286.85,26758
2020-10-05 09:12,286.79,286.79,286.37,286.55,145482
2020-10-05 09:13,286.545,286.81,286.545,286.69,41498
2020-10-05 09:14,286.69,286.75,286.595,286.64,17864
2020-10-05 09:15,286.6389,286.7,286.5,286.7,15020
2020-10-05 09:16,286.7,286.7444,286.6,286.64,11316
2020-10-05 09:17,286.635,286.67,286.53,286.53,20807
2020-10-05 09:18,286.5524,286.58,286.53,286.58,14245
2020-10-05 09:19,286.61,286.63,286.5,286.525,15645
2020-10-05 09:20,286.5,286.535,286.36,286.365,21122
2020-10-05 09:21,286.365,286.55,286.365,286.54,11145
2020-10-05 09:22,286.58,286.6138,286.48,286.5,22614
2020-10-05 09:23,286.501,286.57,286.48,286.5,11721
2020-10-05 09:24,286.52,286.59,286.45,286.45,14851
2020-10-05 09:25,286.46,286.59,286.46,286.525,22565
2020-10-05 09:26,286.535,286.6,286.4706,286.49,15168
2020-10-05 09:27,286.49,286.515,286.4,286.405,15491
2020-10-05 09:28,286.4,286.42,286.32,286.37,14718
2020-10-05 09:29,286.37,286.44,286.32,286.35,13077
2020-10-05 09:30,286.32,286.36,286.21,286.32,22649
2020-10-05 09:31,286.31,286.4,286.28,286.32,11523
2020-10-05 09:32,286.3399,286.3399,286.2,286.2,14123
2020-10-05 09:33,286.2,286.37,286.19,286.33,19576
2020-10-05 09:34,286.34,286.35,286.22,286.27,28424
2020-10-05 09:35,286.25,286.271,286.12,286.12,16129
2020-10-05 09:36,286.1233,286.3,286.1233,286.2883,16398
2020-10-05 09:37,286.28,286.41,286.275,286.275,17293
2020-10-05 09:38,286.27,286.27,286.1,286.115,24991
2020-10-05 09:39,286.1,286.31,286.096,286.27,14720
2020-10-05 09:40,286.28,286.4,286.21,286.2578,26017
2020-10-05 09:41,286.24,286.37,286.13,286.14,30138
2020-10-05 09:42,286.16,286.19,285.85,285.86,83388
2020-10-05 09:43,285.86,285.96,285.69,285.96,33062
2020-10-05 09:44,285.95,286.18,285.95,286.18,12742
2020-10-05 09:45,286.165,286.2,286.09,286.14,19834
2020-10-05 09:46,286.17,286.294,285.98,285.98,23933
2020-10-05 09:47,285.96,286.29,285.96,286.26,19993
2020-10-05 09:48,286.28,286.32,286.18,286.18,7824
2020-10-05 09:49,286.17,286.19,286.1,286.12,17749
2020-10-05 09:50,286.1003,286.15,286.02,286.034,18726
2020-10-05 09:51,286.02,286.06,285.99,285.99,26654
2020-10-05 09:52,285.9753,286.1,285.93,286.07,19448
2020-10-05 09:53,286.04,286.05,285.87,285.92,19719
2020-10-05 09:54,285.9099,285.99,285.77,285.78,36987
2020-10-05 09:55,285.76,285.88,285.7375,285.74,22882
2020-10-05 09:56,285.77,285.87,285.635,285.87,25383
2020-10-05 09:57,285.8638,285.875,285.8,285.8,20688
2020-10-05 09:58,285.84,285.85,285.75,285.79,16545
2020-10-05 09:59,285.76,285.79,285.65,285.73,20432
2020-10-05 10:00,285.76,285.88,285.76,285.87,23635
2020-10-05 10:01,285.87,286.0088,285.87,285.96,17732
2020-10-05 10:02,285.95,286.08,285.88,286.08,22794
2020-10-05 10:03,286.07,286.2,286.07,286.17,28511
2020-10-05 10:04,286.14,286.18,286.06,286.08,13764
2020-10-05 10:05,286.08,286.12,286.01,286.04,17247
2020-10-05 10:06,286.0828,286.13,286.02,286.125,9039
2020-10-05 10:07,286.11,286.15,286.035,286.035,29916
2020-10-05 10:08,286.035,286.09,285.85,286.04,753251
2020-10-05 10:09,286.01,286.03,285.78,285.88,19045
2020-10-05 10:10,285.91,286.05,285.83,285.83,35393
2020-10-05 10:11,285.83,285.95,285.77,285.93,18151
2020-10-05 10:12,285.92,285.93,285.82,285.86,11679
2020-10-05 10:13,285.8445,285.85,285.73,285.7841,20431
2020-10-05 10:14,285.795,285.93,285.76,285.82,19137
2020-10-05 10:15,285.82,286.05,285.82,286.045,17428
2020-10-05 10:16,286.06,286.12,285.9,286,37390
2020-10-05 10:17,286.015,286.06,285.9,285.9,11471
2020-10-05 10:18,285.89,285.89,285.75,285.75,14537
2020-10-05 10:19,285.79,285.83,285.745,285.745,23631
2020-10-05 10:20,285.745,285.745,285.58,285.67,30164
2020-10-05 10:21,285.6579,285.82,285.65,285.65,33669
2020-10-05 10:22,285.665,285.8,285.62,285.7501,13922
2020-10-05 10:23,285.78,285.8,285.6,285.765,35272
2020-10-05 10:24,285.765,285.765,285.67,285.69,25033
2020-10-05 10:25,285.69,285.85,285.62,285.775,22600
2020-10-05 10:26,285.74,285.75,285.53,285.54,28578
2020-10-05 10:27,285.555,285.5605,285.51,285.545,41403
2020-10-05 10:28,285.53,285.53,285.45,285.5,27179
2020-10-05 10:29,285.48,285.64,285.48,285.6,13485
2020-10-05 10:30,285.62,285.75,285.32,285.37,55901
2020-10-05 10:31,285.34,285.51,285.26,285.42,32353
2020-10-05 10:32,285.405,285.405,285.3,285.34,14468
2020-10-05 10:33,285.34,285.4922,285.302,285.32,25378
2020-10-05 10:34,285.32,285.46,285.29,285.415,15118
2020-10-05 10:35,285.415,285.45,285.33,285.4,21560
2020-10-05 10:36,285.39,285.49,285.32,285.48,24644
2020-10-05 10:37,285.4601,285.48,285.3,285.34,29219
2020-10-05 10:38,285.34,285.53,285.28,285.53,44961
2020-10-05 10:39,285.5099,285.5099,285.31,285.325,14438
2020-10-05 10:40,285.34,285.49,285.3,285.3531,15070
2020-10-05 10:41,285.39,285.46,285.28,285.285,16854
2020-10-05 10:42,285.285,285.31,285.13,285.13,26068
2020-10-05 10:43,285.11,285.2,285.04,285.18,27131
2020-10-05 10:44,285.175,285.295,285.08,285.15,21417
2020-10-05 10:45,285.135,285.23,285.04,285.15,22825
2020-10-05 10:46,285.16,285.17,284.93,285.12,103237
2020-10-05 10:47,285.1,285.1088,284.936,285.015,32884
2020-10-05 10:48,285.015,285.05,284.9,285.02,41837
2020-10-05 10:49,284.98,285.12,284.88,285.12,42684
2020-10-05 10:50,285.12,285.2,285.01,285.045,144450
2020-10-05 10:51,285.02,285.23,285.01,285.14,48731
2020-10-05 10:52,285.11,285.185,285.07,285.14,149709
2020-10-05 10:53,285.13,285.2907,285.13,285.2569,24074
2020-10-05 10:54,285.28,285.4,285.24,285.3,37247
2020-10-05 10:55,285.31,285.43,285.26,285.29,38704
2020-10-05 10:56,285.2737,285.32,285.08,285.29,32090
2020-10-05 10:57,285.2301,285.47,285.19,285.445,30273
2020-10-05 10:58,285.47,285.5,285.32,285.35,20659
2020-10-05 10:59,285.38,285.71,285.36,285.67,51360
2020-10-05 11:00,285.64,285.838,285.57,285.838,31520
2020-10-05 11:01,285.85,285.86,285.68,285.78,39497
2020-10-05 11:02,285.7705,285.84,285.62,285.77,47208
2020-10-05 11:03,285.73,285.82,285.59,285.7499,44002
2020-10-05 11:04,285.72,285.78,285.4802,285.54,26448
2020-10-05 11:05,285.49,285.6,285.43,285.52,20443
2020-10-05 11:06,285.48,285.5,285.3624,285.3644,21280
2020-10-05 11:07,285.34,285.56,285.32,285.45,41796
2020-10-05 11:08,285.4,285.61,285.38,285.56,14926
2020-10-05 11:09,285.6004,285.68,285.475,285.48,32029
2020-10-05 11:10,285.45,285.715,285.445,285.715,16748
2020-10-05 11:11,285.72,285.89,285.55,285.66,51691
2020-10-05 11:12,285.63,285.6506,285.25,285.2947,36148
2020-10-05 11:13,285.29,285.5802,285.29,285.46,22159
2020-10-05 11:14,285.48,285.545,285.35,285.54,24494
2020-10-05 11:15,285.57,285.59,285.47,285.57,11119
2020-10-05 11:16,285.54,285.93,285.54,285.87,24483
2020-10-05 11:17,285.86,286.06,285.86,285.94,33778
2020-10-05 11:18,285.92,286.04,285.89,285.92,25536
2020-10-05 11:19,285.92,285.95,285.8,285.8221,11519
2020-10-05 11:20,285.86,285.94,285.8001,285.895,15726
2020-10-05 11:21,285.95,286.14,285.95,286.09,23183
2020-10-05 11:22,286.12,286.34,286.07,286.33,36907
2020-10-05 11:23,286.31,286.39,286.22,286.3,22321
2020-10-05 11:24,286.29,286.5,286.29,286.4,29851
2020-10-05 11:25,286.4215,286.5111,286.135,286.135,20002
2020-10-05 11:26,286.11,286.345,286.09,286.27,29074
2020-10-05 11:27,286.27,286.31,286.12,286.17,25103
2020-10-05 11:28,286.16,286.27,286.1305,286.2205,23363
2020-10-05 11:29,286.27,286.34,286.22,286.2699,20984
2020-10-05 11:30,286.27,286.44,286.26,286.28,36133
2020-10-05 11:31,286.2844,286.4,286.25,286.3299,17302
2020-10-05 11:32,286.27,286.39,286.21,286.345,49802
2020-10-05 11:33,286.345,286.4399,285.99,286.05,43769
2020-10-05 11:34,286.06,286.1,285.9365,285.97,30682
2020-10-05 11:35,285.96,286.18,285.96,286.11,20904
2020-10-05 11:36,286.11,286.24,286.02,286.09,15101
2020-10-05 11:37,286.1,286.25,286.06,286.17,39414
2020-10-05 11:38,286.15,286.17,285.9,285.96,58044
2020-10-05 11:39,285.95,286.1307,285.95,286.06,12948
2020-10-05 11:40,286.04,286.19,286.03,286.19,16998
2020-10-05 11:41,286.1912,286.21,286.06,286.14,12785
2020-10-05 11:42,286.145,286.22,286.09,286.15,17309
2020-10-05 11:43,286.14,286.29,286.03,286.03,43594
2020-10-05 11:44,286.09,286.15,285.92,285.92,35852
2020-10-05 11:45,285.96,286.0899,285.95,286.04,13121
2020-10-05 11:46,286.0301,286.2,286.02,286.2,13593
2020-10-05 11:47,286.17,286.2,286.1,286.15,26084
2020-10-05 11:48,286.17,286.38,286.11,286.12,38787
2020-10-05 11:49,286.12,286.1499,285.8,285.8222,25330
2020-10-05 11:50,285.81,286.05,285.68,285.98,22034
2020-10-05 11:51,285.96,286.11,285.88,286.09,20782
2020-10-05 11:52,286.1152,286.18,286.05,286.09,15688
2020-10-05 11:53,286.09,286.23,286.07,286.205,41828
2020-10-05 11:54,286.21,286.44,286.21,286.26,39220
2020-10-05 11:55,286.21,286.45,286.12,286.21,81416
2020-10-05 11:56,286.185,286.47,286.15,286.37,34942
2020-10-05 11:57,286.39,286.65,286.39,286.51,37238
2020-10-05 11:58,286.5,286.52,286.31,286.425,55286
2020-10-05 11:59,286.46,286.6299,286.39,286.51,37205
2020-10-05 12:00,286.5,286.73,286.27,286.59,62402
2020-10-05 12:01,286.6,286.75,286.53,286.7,46755
2020-10-05 12:02,286.69,286.91,286.66,286.84,28505
2020-10-05 12:03,286.87,286.88,286.77,286.865,26337
2020-10-05 12:04,286.88,286.97,286.81,286.86,50476
2020-10-05 12:05,286.86,287.03,286.81,286.97,48217
2020-10-05 12:06,286.99,287.09,286.87,287.05,32939
2020-10-05 12:07,287.0153,287.27,287.0153,287.22,35962
2020-10-05 12:08,287.25,287.29,287.2,287.29,36222
2020-10-05 12:09,287.29,287.415,287.28,287.3883,28103
2020-10-05 12:10,287.4,288.07,287.2701,287.89,163005
2020-10-05 12:11,287.8596,287.92,287.74,287.85,45002
2020-10-05 12:12,287.87,287.98,287.77,287.77,43160
2020-10-05 12:13,287.77,287.79,287.47,287.57,36944
2020-10-05 12:14,287.56,287.84,287.534,287.81,16206
2020-10-05 12:15,287.82,288.06,287.82,287.965,50931
2020-10-05 12:16,287.965,288.34,287.96,288.34,53150
2020-10-05 12:17,288.33,288.33,288.14,288.16,41643
2020-10-05 12:18,288.14,288.33,287.95,288.26,75965
2020-10-05 12:19,288.2619,288.43,288.25,288.4,38842
2020-10-05 12:20,288.4,288.74,288.38,288.69,78246
2020-10-05 12:21,288.69,288.705,288.36,288.6,52613
2020-10-05 12:22,288.5903,288.66,288.46,288.53,43261
2020-10-05 12:23,288.53,288.55,288.24,288.35,81973
2020-10-05 12:24,288.35,288.61,288.32,288.45,56047
2020-10-05 12:25,288.46,288.6,288.35,288.42,49412
2020-10-05 12:26,288.45,288.52,288.34,288.37,37224
2020-10-05 12:27,288.37,288.57,288.3684,288.56,42042
2020-10-05 12:28,288.55,288.75,288.53,288.737,48272
2020-10-05 12:29,288.745,288.85,288.62,288.699,66414
2020-10-05 12:30,288.72,288.775,288.63,288.66,58727
2020-10-05 12:31,288.65,288.84,288.63,288.77,55786
2020-10-05 12:32,288.77,288.85,288.65,288.85,62406
2020-10-05 12:33,288.85,288.88,288.75,288.78,42638
2020-10-05 12:34,288.8,288.86,288.64,288.67,53617
2020-10-05 12:35,288.65,288.73,288.5334,288.68,39785
2020-10-05 12:36,288.69,288.75,288.6,288.695,59358
2020-10-05 12:37,288.69,288.74,288.55,288.705,57303
2020-10-05 12:38,288.705,288.82,288.59,288.605,69277
2020-10-05 12:39,288.6,288.6,288.39,288.49,82038
2020-10-05 12:40,288.51,288.6999,288.51,288.59,83512
2020-10-05 12:41,288.585,288.75,288.46,288.48,44513
2020-10-05 12:42,288.5,288.58,288.48,288.51,52081
2020-10-05 12:43,288.52,288.556,288.34,288.35,75233
2020-10-05 12:44,288.37,288.6599,288.26,288.64,88055
2020-10-05 12:45,288.62,288.62,288.4,288.4,39528
2020-10-05 12:46,288.4,288.57,288.26,288.26,62486
2020-10-05 12:47,288.26,288.48,288.222,288.39,61343
2020-10-05 12:48,288.37,288.42,288.25,288.345,50054
2020-10-05 12:49,288.35,288.465,288.23,288.35,51052
2020-10-05 12:50,288.45,288.57,288.36,288.4,65247
2020-10-05 12:51,288.4,288.41,288.25,288.255,76156
2020-10-05 12:52,288.255,288.26,288.08,288.09,61247
2020-10-05 12:53,288.09,288.28,288.01,288.1684,81117
2020-10-05 12:54,288.18,288.19,288,288.125,73699
2020-10-05 12:55,288.11,288.24,288.02,288.03,82847
2020-10-05 12:56,288.02,288.45,287.95,288.34,135537
2020-10-05 12:57,288.34,288.36,288.29,288.34,102132
2020-10-05 12:58,288.34,288.5,288.235,288.26,111569
2020-10-05 12:59,288.24,288.5,288.17,288.39,96846
2020-10-06 06:30,287.41,288.37,286.95,286.96,35952
2020-10-06 06:31,287.11,287.97,286.91,287.76,423234
2020-10-06 06:32,287.66,288.2057,287.385,288.16,60379
2020-10-06 06:33,288.15,288.8,287.99,288.23,79554
2020-10-06 06:34,288.22,289.69,288.14,289.6,75166
2020-10-06 06:35,289.6,290.24,289.51,289.98,126677
2020-10-06 06:36,289.9,290.4,289.7,290.21,200741
2020-10-06 06:37,290.109,290.335,289.33,289.8,122911
2020-10-06 06:38,289.7998,289.91,289.04,289.06,62992
2020-10-06 06:39,289.04,289.76,288.81,289.67,96536
2020-10-06 06:40,289.62,289.7981,289.0301,289.105,52299
2020-10-06 06:41,289.19,289.44,288.93,289.2,45297
2020-10-06 06:42,289.22,289.4,288.95,289.19,41023
2020-10-06 06:43,289.21,289.4493,289,289.43,27390
2020-10-06 06:44,289.44,289.62,288.95,289.03,43286
2020-10-06 06:45,289.04,289.34,289,289.14,42631
2020-10-06 06:46,289.12,289.15,288.71,288.8968,97677
2020-10-06 06:47,288.9703,289.5827,288.76,289.52,47540
2020-10-06 06:48,289.48,289.72,289.23,289.65,44426
2020-10-06 06:49,289.68,289.9,289.52,289.595,52105
2020-10-06 06:50,289.56,289.98,289.48,289.701,41589
2020-10-06 06:51,289.78,290.32,289.74,290.09,80338
2020-10-06 06:52,290.09,290.6898,290.06,290.3,99078
2020-10-06 06:53,290.3479,290.6,289.87,289.87,70501
2020-10-06 06:54,289.88,290.04,289.72,289.9416,57372
2020-10-06 06:55,289.94,289.98,289.63,289.695,47371
2020-10-06 06:56,289.695,289.99,289.59,289.74,41795
2020-10-06 06:57,289.74,290.26,289.64,290.06,54941
2020-10-06 06:58,290.02,290.02,289.63,289.825,43053
2020-10-06 06:59,289.77,290.64,289.77,290.4,82928
2020-10-06 07:00,290.422,291,290.25,290.67,63382
2020-10-06 07:01,290.68,291.11,290.61,291.08,71580
2020-10-06 07:02,291.09,291.25,290.8701,290.99,72085
2020-10-06 07:03,290.98,291.44,290.91,291.3,73202
2020-10-06 07:04,291.29,291.54,291.12,291.43,68121
2020-10-06 07:05,291.46,291.57,290.78,290.84,76988
2020-10-06 07:06,290.86,291.19,290.815,291.0399,62565
2020-10-06 07:07,291.04,291.29,290.65,291.12,51317
2020-10-06 07:08,291.06,291.76,291.06,291.65,85829
2020-10-06 07:09,291.6988,291.91,291.52,291.5606,82421
2020-10-06 07:10,291.56,291.68,291.15,291.65,64268
2020-10-06 07:11,291.69,291.8366,291.41,291.74,145741
2020-10-06 07:12,291.7388,292,291.7388,291.885,48796
2020-10-06 07:13,291.895,292.27,291.68,292.1,55059
2020-10-06 07:14,292.0844,292.6,292.0233,292.56,65815
2020-10-06 07:15,292.51,292.6,292.22,292.27,47425
2020-10-06 07:16,292.245,292.355,292.14,292.33,47322
2020-10-06 07:17,292.32,292.45,292.07,292.07,33831
2020-10-06 07:18,292.02,292.3124,291.92,292.14,27451
2020-10-06 07:19,292.14,292.49,292.14,292.4399,26859
2020-10-06 07:20,292.34,292.34,291.8,292.02,41547
2020-10-06 07:21,292.0998,292.0998,291.36,291.43,60416
2020-10-06 07:22,291.43,292.14,291.315,292.094,42292
2020-10-06 07:23,292.08,292.14,291.92,292.02,37720
2020-10-06 07:24,292.0899,292.17,291.84,292.06,28586
2020-10-06 07:25,292.09,292.29,291.7,291.83,46484
2020-10-06 07:26,291.78,292,291.57,291.915,30531
2020-10-06 07:27,291.93,292.2599,291.89,292.218,21154
2020-10-06 07:28,292.235,292.39,292.225,292.2785,37792
2020-10-06 07:29,292.295,292.4258,292.1,292.22,51657
2020-10-06 07:30,292.2,293.05,292.16,293.02,82084
2020-10-06 07:31,292.995,293,292.78,292.8524,61770
2020-10-06 07:32,292.79,292.945,292.34,292.515,68334
2020-10-06 07:33,292.54,292.9,292.53,292.55,60526
2020-10-06 07:34,292.61,292.61,292.3,292.39,28446
2020-10-06 07:35,292.35,292.98,292.34,292.91,25965
2020-10-06 07:36,292.98,293.045,292.78,292.78,46117
2020-10-06 07:37,292.78,292.85,292.55,292.83,32928
2020-10-06 07:38,292.885,293.49,292.885,293.15,87452
2020-10-06 07:39,293.15,293.62,293.0856,293.62,52466
2020-10-06 07:40,293.62,294.33,293.56,294.22,81741
2020-10-06 07:41,294.25,294.46,294.14,294.345,116060
2020-10-06 07:42,294.345,294.87,294.26,294.83,110021
2020-10-06 07:43,294.835,294.89,293.78,294.28,100067
2020-10-06 07:44,294.24,294.255,293.73,293.81,60868
2020-10-06 07:45,293.79,294.54,293.62,294.275,81236
2020-10-06 07:46,294.25,294.5999,294.06,294.56,65687
2020-10-06 07:47,294.5,294.76,294.49,294.7,92404
2020-10-06 07:48,294.665,294.98,294.62,294.79,117757
2020-10-06 07:49,294.7521,295.1,294.66,294.928,107409
2020-10-06 07:50,294.95,295.48,294.9001,295.29,83740
2020-10-06 07:51,295.27,295.49,295.22,295.3,45704
2020-10-06 07:52,295.31,295.38,295.15,295.2683,36397
2020-10-06 07:53,295.274,295.43,295.12,295.12,68825
2020-10-06 07:54,295.09,295.15,294.8501,295.05,59279
2020-10-06 07:55,295,295.07,294.885,295,48741
2020-10-06 07:56,295.02,295.29,294.99,295.145,66027
2020-10-06 07:57,295.08,295.28,295.02,295.175,56792
2020-10-06 07:58,295.23,295.3394,295.06,295.2,36340
2020-10-06 07:59,295.23,295.33,295.18,295.22,44003
2020-10-06 08:00,295.2469,295.6785,295.2469,295.46,97997
2020-10-06 08:01,295.5,295.55,295.4,295.45,64378
2020-10-06 08:02,295.47,295.5,295.11,295.1558,46423
2020-10-06 08:03,295.15,295.2,295.05,295.1,23649
2020-10-06 08:04,295.1295,295.1295,294.81,294.81,36524
2020-10-06 08:05,294.81,294.92,294.69,294.82,38361
2020-10-06 08:06,294.8,294.97,294.75,294.92,36206
2020-10-06 08:07,294.92,295.12,294.7,294.75,41863
2020-10-06 08:08,294.75,294.78,294.3964,294.59,51156
2020-10-06 08:09,294.57,294.745,294.49,294.67,27396
2020-10-06 08:10,294.66,294.706,294.25,294.3,47182
2020-10-06 08:11,294.33,294.33,294,294.265,39277
2020-10-06 08:12,294.22,294.6,294.22,294.58,29951
2020-10-06 08:13,294.61,294.9,294.61,294.7368,36395
2020-10-06 08:14,294.73,294.87,294.73,294.76,33720
2020-10-06 08:15,294.75,294.82,294.63,294.82,24733
2020-10-06 08:16,294.8,294.839,294.69,294.82,22755
2020-10-06 08:17,294.8,294.8,294.54,294.61,28209
2020-10-06 08:18,294.61,294.61,294.48,294.54,36025
2020-10-06 08:19,294.565,294.565,294.33,294.39,27355
2020-10-06 08:20,294.31,294.9,294.23,294.885,39663
2020-10-06 08:21,294.88,295.19,294.85,295.03,101688
2020-10-06 08:22,295.02,295.1399,294.9101,294.97,38993
2020-10-06 08:23,294.96,295.04,294.79,294.99,28161
2020-10-06 08:24,294.99,295.09,294.85,294.9,25913
2020-10-06 08:25,294.87,294.87,294.57,294.73,22460
2020-10-06 08:26,294.7,294.74,294.37,294.52,37475
2020-10-06 08:27,294.54,294.59,294.14,294.185,38503
2020-10-06 08:28,294.19,294.45,294.19,294.3965,21254
2020-10-06 08:29,294.375,294.65,294.27,294.51,38591
2020-10-06 08:30,294.5,294.52,294.33,294.49,25848
2020-10-06 08:31,294.43,294.67,294.43,294.54,21095
2020-10-06 08:32,294.53,294.89,294.46,294.66,21098
2020-10-06 08:33,294.62,294.98,294.62,294.98,13791
2020-10-06 08:34,294.99,295.31,294.97,295.13,46482
2020-10-06 08:35,295.1,295.39,295.08,295.2697,20596
2020-10-06 08:36,295.2689,295.4395,295.1949,295.24,24720
2020-10-06 08:37,295.26,295.34,295.1234,295.19,22934
2020-10-06 08:38,295.245,295.4899,295.19,295.465,12856
2020-10-06 08:39,295.48,295.54,295.37,295.41,30264
2020-10-06 08:40,295.47,295.53,295.3,295.38,26106
2020-10-06 08:41,295.4,295.515,295.35,295.45,28798
2020-10-06 08:42,295.45,295.5,295.33,295.44,21972
2020-10-06 08:43,295.49,295.65,295.43,295.585,124266
2020-10-06 08:44,295.56,295.84,295.54,295.72,55190
2020-10-06 08:45,295.73,295.9,295.39,295.52,48591
2020-10-06 08:46,295.49,295.62,295.39,295.47,24992
2020-10-06 08:47,295.4601,295.6,295.29,295.29,36473
2020-10-06 08:48,295.28,295.36,295.13,295.14,29162
2020-10-06 08:49,295.19,295.19,294.76,294.83,26719
2020-10-06 08:50,294.76,294.76,294.05,294.25,41148
2020-10-06 08:51,294.21,294.21,293.8,293.83,45112
2020-10-06 08:52,293.85,293.9,293.6,293.76,45431
2020-10-06 08:53,293.78,293.98,293.78,293.93,21254
2020-10-06 08:54,293.9557,294.26,293.9422,294.235,22853
2020-10-06 08:55,294.216,294.265,294.08,294.25,16868
2020-10-06 08:56,294.29,294.34,294.12,294.34,15449
2020-10-06 08:57,294.315,294.525,294.305,294.5,21110
2020-10-06 08:58,294.52,294.585,294.43,294.53,11384
2020-10-06 08:59,294.51,294.6,294.35,294.38,32870
2020-10-06 09:00,294.35,294.7,294.35,294.63,20745
2020-10-06 09:01,294.67,294.95,294.62,294.95,14376
2020-10-06 09:02,294.925,295.04,294.7,294.71,34126
2020-10-06 09:03,294.78,295.0694,294.7708,295.04,17722
2020-10-06 09:04,295.08,295.22,295.035,295.17,27029
2020-10-06 09:05,295.17,295.275,295.11,295.2405,13713
2020-10-06 09:06,295.215,295.5,295.215,295.41,10249
2020-10-06 09:07,295.44,295.51,295.28,295.43,28480
2020-10-06 09:08,295.445,295.55,295.2,295.2416,14260
2020-10-06 09:09,295.27,295.34,295.23,295.25,9920
2020-10-06 09:10,295.2788,295.34,295.2,295.28,10439
2020-10-06 09:11,295.28,295.33,295.25,295.28,9716
2020-10-06 09:12,295.25,295.3996,295.25,295.35,9670
2020-10-06 09:13,295.375,295.49,295.34,295.49,24211
2020-10-06 09:14,295.4704,295.55,295.4,295.47,18037
2020-10-06 09:15,295.51,295.55,295.22,295.32,24614
2020-10-06 09:16,295.41,295.44,295.23,295.275,22563
2020-10-06 09:17,295.3,295.31,295.22,295.24,12587
2020-10-06 09:18,295.24,295.25,294.89,295.2416,29199
2020-10-06 09:19,295.25,295.34,295.2101,295.31,11865
2020-10-06 09:20,295.36,295.6,295.33,295.49,19598
2020-10-06 09:21,295.571,295.5899,295.49,295.57,15509
2020-10-06 09:22,295.52,295.54,295.45,295.5,29912
2020-10-06 09:23,295.56,295.6,295.48,295.59,19511
2020-10-06 09:24,295.56,295.6,295.45,295.51,22795
2020-10-06 09:25,295.55,295.6,295.36,295.36,27974
2020-10-06 09:26,295.35,295.38,295.2,295.31,25658
2020-10-06 09:27,295.3248,295.4,295.26,295.4,10037
2020-10-06 09:28,295.33,295.48,295.33,295.41,11303
2020-10-06 09:29,295.49,295.54,295.44,295.49,15214
2020-10-06 09:30,295.49,295.61,295.41,295.5,19310
2020-10-06 09:31,295.47,295.51,295.38,295.39,21937
2020-10-06 09:32,295.43,295.45,295.19,295.3394,21475
2020-10-06 09:33,295.28,295.31,295.22,295.23,15280
2020-10-06 09:34,295.265,295.3,295.07,295.1819,18875
2020-10-06 09:35,295.208,295.25,295.12,295.23,16723
2020-10-06 09:36,295.27,295.4,295.25,295.4,9809
2020-10-06 09:37,295.47,295.47,295.33,295.4,17363
2020-10-06 09:38,295.42,295.47,295.35,295.41,15939
2020-10-06 09:39,295.43,295.53,295.33,295.52,17117
2020-10-06 09:40,295.52,295.5417,295.46,295.5,11890
2020-10-06 09:41,295.5,295.565,295.45,295.54,10346
2020-10-06 09:42,295.59,295.81,295.56,295.73,25750
2020-10-06 09:43,295.7575,295.79,295.44,295.45,23190
2020-10-06 09:44,295.44,295.47,295.37,295.405,10387
2020-10-06 09:45,295.41,295.48,295.4,295.4,6151
2020-10-06 09:46,295.463,295.48,295.07,295.075,43109
2020-10-06 09:47,295.1,295.16,295,295.05,16620
2020-10-06 09:48,295.09,295.48,295.08,295.445,14875
2020-10-06 09:49,295.44,295.45,295.315,295.39,19466
2020-10-06 09:50,295.42,295.43,295.2432,295.2432,12552
2020-10-06 09:51,295.27,295.42,295.27,295.35,10900
2020-10-06 09:52,295.4,295.42,295.3,295.33,10971
2020-10-06 09:53,295.33,295.42,295.32,295.365,11099
2020-10-06 09:54,295.39,295.49,295.3,295.405,11511
2020-10-06 09:55,295.44,295.535,295.335,295.36,12118
2020-10-06 09:56,295.355,295.44,295.32,295.4,6713
2020-10-06 09:57,295.43,295.5,295.4,295.455,11178
2020-10-06 09:58,295.5,295.52,295.41,295.46,8184
2020-10-06 09:59,295.46,295.62,295.43,295.5,12761
2020-10-06 10:00,295.59,295.62,295.44,295.44,17588
2020-10-06 10:01,295.5099,295.56,295.42,295.52,12357
2020-10-06 10:02,295.52,295.55,295.47,295.47,8669
2020-10-06 10:03,295.47,295.72,295.47,295.62,11710
2020-10-06 10:04,295.67,295.77,295.6,295.675,12675
2020-10-06 10:05,295.65,295.8899,295.65,295.74,16601
2020-10-06 10:06,295.78,296.06,295.77,295.96,73626
2020-10-06 10:07,295.96,296.035,295.9,295.995,22844
2020-10-06 10:08,296.03,296.04,295.75,295.83,19637
2020-10-06 10:09,295.81,295.985,295.78,295.955,10322
2020-10-06 10:10,295.96,295.965,295.77,295.845,11682
2020-10-06 10:11,295.9,295.91,295.84,295.84,4320
2020-10-06 10:12,295.84,295.86,295.5716,295.66,10476
2020-10-06 10:13,295.64,295.665,295.4456,295.515,23625
2020-10-06 10:14,295.55,295.61,295.5,295.53,13612
2020-10-06 10:15,295.525,295.57,295.45,295.56,9996
2020-10-06 10:16,295.57,295.57,295.48,295.48,7262
2020-10-06 10:17,295.48,295.53,295.45,295.48,6934
2020-10-06 10:18,295.49,295.6,295.48,295.49,12717
2020-10-06 10:19,295.49,295.49,295.37,295.42,11447
2020-10-06 10:20,295.37,295.4099,295.25,295.4,11967
2020-10-06 10:21,295.36,295.39,295.32,295.35,15184
2020-10-06 10:22,295.34,295.6,295.29,295.53,27787
2020-10-06 10:23,295.55,295.6,295.47,295.52,15805
2020-10-06 10:24,295.5,295.5,295.44,295.4899,5789
2020-10-06 10:25,295.43,295.54,295.39,295.48,8795
2020-10-06 10:26,295.495,295.55,295.46,295.46,26445
2020-10-06 10:27,295.46,295.54,295.455,295.515,8917
2020-10-06 10:28,295.52,295.6216,295.46,295.6,13264
2020-10-06 10:29,295.645,295.83,295.63,295.63,21987
2020-10-06 10:30,295.6,295.88,295.6,295.88,9518
2020-10-06 10:31,295.88,295.9499,295.68,295.85,26181
2020-10-06 10:32,295.88,296.05,295.84,295.95,15933
2020-10-06 10:33,295.96,296.1,295.94,295.955,24003
2020-10-06 10:34,295.98,296.049,295.89,295.92,24149
2020-10-06 10:35,295.96,296.06,295.93,295.99,18921
2020-10-06 10:36,295.965,295.97,295.75,295.91,12393
2020-10-06 10:37,295.97,295.99,295.86,295.94,9963
2020-10-06 10:38,295.99,296.03,295.87,295.91,13856
2020-10-06 10:39,295.9384,296.06,295.91,295.99,23760
2020-10-06 10:40,296.03,296.1,295.97,296.03,22067
2020-10-06 10:41,296.02,296.18,296.02,296.0801,24237
2020-10-06 10:42,296.125,296.19,296.07,296.07,16044
2020-10-06 10:43,296.15,296.15,295.8,295.985,26997
2020-10-06 10:44,296,296.0999,295.91,296,11461
2020-10-06 10:45,296.02,296.055,295.8,295.95,14604
2020-10-06 10:46,296.06,296.06,295.8801,295.92,10368
2020-10-06 10:47,295.955,296.04,295.82,295.85,22916
2020-10-06 10:48,295.95,296.06,295.83,295.91,11538
2020-10-06 10:49,295.91,296.06,295.91,296,12157
2020-10-06 10:50,295.993,296.19,295.98,296.07,28826
2020-10-06 10:51,296.04,296.2,296,296.15,37735
2020-10-06 10:52,296.128,296.2,296.05,296.105,26539
2020-10-06 10:53,296.095,296.16,296.05,296.08,8095
2020-10-06 10:54,296.05,296.11,295.96,296.01,11468
2020-10-06 10:55,296.05,296.07,295.94,296.0156,16550
2020-10-06 10:56,296.01,296.03,295.93,296.03,10479
2020-10-06 10:57,296.02,296.1,295.95,296.04,12269
2020-10-06 10:58,296.08,296.1,295.97,296.02,18257
2020-10-06 10:59,296.06,296.1004,295.8626,296.03,19327
2020-10-06 11:00,296.06,296.08,295.91,295.92,19220
2020-10-06 11:01,295.91,295.94,295.785,295.905,29709
2020-10-06 11:02,295.92,295.99,295.87,295.985,14010
2020-10-06 11:03,295.98,296.05,295.9,295.95,28557
2020-10-06 11:04,295.9442,296.09,295.89,296.015,26203
2020-10-06 11:05,296.0499,296.09,295.96,296.02,11881
2020-10-06 11:06,296.07,296.229,296.04,296.2099,14491
2020-10-06 11:07,296.1568,296.34,296.15,296.27,27854
2020-10-06 11:08,296.295,296.3484,296.06,296.09,46657
2020-10-06 11:09,296.09,296.14,296.02,296.08,32284
2020-10-06 11:10,296.1,296.11,295.85,295.91,21603
2020-10-06 11:11,295.92,296.085,295.85,296.045,17902
2020-10-06 11:12,296.08,296.17,296.03,296.06,18026
2020-10-06 11:13,296.07,296.33,296.07,296.225,8849
2020-10-06 11:14,296.22,296.345,296.11,296.28,10067
2020-10-06 11:15,296.27,296.34,296.23,296.34,18444
2020-10-06 11:16,296.32,296.4,296.13,296.195,33960
2020-10-06 11:17,296.21,296.26,296.1,296.25,11042
2020-10-06 11:18,296.265,296.32,296.15,296.29,8161
2020-10-06 11:19,296.4,296.4,296.14,296.22,24725
2020-10-06 11:20,296.28,296.45,296.27,296.38,15677
2020-10-06 11:21,296.3868,296.48,296.38,296.455,18509
2020-10-06 11:22,296.47,296.49,296.4,296.44,17357
2020-10-06 11:23,296.47,296.565,296.44,296.565,22283
2020-10-06 11:24,296.58,296.669,296.57,296.61,22716
2020-10-06 11:25,296.61,296.76,296.45,296.66,57494
2020-10-06 11:26,296.69,296.8,296.56,296.63,32367
2020-10-06 11:27,296.65,296.69,296.58,296.67,14020
2020-10-06 11:28,296.6768,296.72,296.5,296.51,17144
2020-10-06 11:29,296.54,296.57,296.41,296.53,12999
2020-10-06 11:30,296.55,296.67,296.53,296.67,10100
2020-10-06 11:31,296.67,296.73,296.55,296.71,19487
2020-10-06 11:32,296.73,296.84,296.6,296.67,49197
2020-10-06 11:33,296.69,296.84,296.69,296.7,21733
2020-10-06 11:34,296.72,296.74,296.58,296.66,17717
2020-10-06 11:35,296.7,296.75,296.36,296.49,39636
2020-10-06 11:36,296.49,296.6,296.42,296.52,10920
2020-10-06 11:37,296.5799,296.615,296.35,296.4,16608
2020-10-06 11:38,296.44,296.56,296.4,296.46,16871
2020-10-06 11:39,296.48,296.55,296.39,296.45,19004
2020-10-06 11:40,296.49,296.51,296.24,296.2605,25966
2020-10-06 11:41,296.24,296.24,296.1,296.21,17914
2020-10-06 11:42,296.17,296.415,296.17,296.295,12750
2020-10-06 11:43,296.305,296.48,296.27,296.36,14713
2020-10-06 11:44,296.38,296.6,296.3,296.545,14770
2020-10-06 11:45,296.5,296.69,296.49,296.66,9999
2020-10-06 11:46,296.69,296.78,296.61,296.62,19119
2020-10-06 11:47,296.66,296.79,296.65,296.685,9821
2020-10-06 11:48,296.66,296.7,295.97,296.09,40260
2020-10-06 11:49,296.18,296.19,295.3168,295.4126,58729
2020-10-06 11:50,295.465,295.5699,294.74,294.92,58811
2020-10-06 11:51,294.9871,294.9871,294.54,294.71,73294
2020-10-06 11:52,294.67,294.675,293.84,294.43,103077
2020-10-06 11:53,294.41,295.14,294.2885,294.6,67138
2020-10-06 11:54,294.53,294.6,293.25,293.36,80002
2020-10-06 11:55,293.36,293.64,292.82,293.22,82680
2020-10-06 11:56,293.305,293.305,292.52,293.04,79556
2020-10-06 11:57,293.12,293.8,292.78,293.78,67961
2020-10-06 11:58,293.7644,294.39,293.4333,294.01,75432
2020-10-06 11:59,294.03,294.072,293.39,293.775,45951
2020-10-06 12:00,293.83,293.83,292.815,293.1,93462
2020-10-06 12:01,293.12,295,292.95,293.1,50242
2020-10-06 12:02,293.1,293.36,292.8001,293.1136,59150
2020-10-06 12:03,293.21,293.65,293.205,293.368,39604
2020-10-06 12:04,293.335,293.86,293.1,293.63,40868
2020-10-06 12:05,293.64,293.64,293.02,293.22,46948
2020-10-06 12:06,293.1,293.21,291.58,291.69,132368
2020-10-06 12:07,291.76,291.77,290.8701,291.2,75403
2020-10-06 12:08,291.1953,291.64,291.04,291.4701,40734
2020-10-06 12:09,291.55,292.23,291.531,292.2091,42246
2020-10-06 12:10,292.1808,292.92,291.77,292.89,56526
2020-10-06 12:11,292.92,293.0768,292.4,292.9999,35154
2020-10-06 12:12,292.94,293.38,292.79,293.29,32983
2020-10-06 12:13,293.165,293.67,292.98,293.67,36719
2020-10-06 12:14,293.67,293.9135,293.34,293.54,37211
2020-10-06 12:15,293.49,294.0699,293.27,293.98,49780
2020-10-06 12:16,293.95,294,293.55,293.595,40991
2020-10-06 12:17,293.58,293.8,293.33,293.56,29540
2020-10-06 12:18,293.68,293.7977,293.385,293.65,21825
2020-10-06 12:19,293.575,293.625,293.32,293.33,24801
2020-10-06 12:20,293.43,293.58,293.17,293.2502,30422
2020-10-06 12:21,293.25,293.5399,293.02,293.43,23994
2020-10-06 12:22,293.43,293.55,293.4052,293.53,33794
2020-10-06 12:23,293.54,293.93,293.42,293.8508,27339
2020-10-06 12:24,293.86,293.92,293.59,293.7,27055
2020-10-06 12:25,293.695,293.74,293.37,293.51,69003
2020-10-06 12:26,293.54,293.73,293.31,293.35,51479
2020-10-06 12:27,293.33,293.83,293.33,293.83,35264
2020-10-06 12:28,293.83,294.05,293.76,294,36860
2020-10-06 12:29,293.87,294.2954,293.79,294.17,53180
2020-10-06 12:30,294.17,294.31,293.8,294.01,42266
2020-10-06 12:31,294.05,294.36,293.97,294.27,22051
2020-10-06 12:32,294.25,294.48,294.1,294.3776,35895
2020-10-06 12:33,294.43,294.76,294.43,294.66,25903
2020-10-06 12:34,294.63,295.03,294.6,294.85,54409
2020-10-06 12:35,294.84,295,294.78,295,60586
2020-10-06 12:36,294.94,295,294.76,294.76,35653
2020-10-06 12:37,294.78,294.79,293.8,294.1897,58887
2020-10-06 12:38,294.15,294.47,294.04,294.235,250945
2020-10-06 12:39,294.24,294.35,293.9,293.9,48269
2020-10-06 12:40,293.9,294,293.45,293.55,61109
2020-10-06 12:41,293.59,293.64,293.295,293.47,47076
2020-10-06 12:42,293.49,293.54,293.16,293.54,62939
2020-10-06 12:43,293.54,293.93,293.52,293.84,43102
2020-10-06 12:44,293.76,293.915,293.71,293.87,52605
2020-10-06 12:45,293.82,293.92,293.775,293.8,44825
2020-10-06 12:46,293.8,293.94,292.59,293.035,104254
2020-10-06 12:47,293.03,293.48,292.99,293.42,66123
2020-10-06 12:48,293.42,293.5499,293.31,293.36,50108
2020-10-06 12:49,293.36,293.49,293.2,293.2,48569
2020-10-06 12:50,293.2,293.2,292.12,292.2008,74014
2020-10-06 12:51,292.24,292.61,292.24,292.42,58835
2020-10-06 12:52,292.45,292.66,292.26,292.35,47113
2020-10-06 12:53,292.32,292.46,292.16,292.18,53708
2020-10-06 12:54,292.15,292.25,291.92,292.22,69531
2020-10-06 12:55,292.26,292.98,292.26,292.95,54470
2020-10-06 12:56,292.98,293.35,292.89,293.32,63551
2020-10-06 12:57,293.325,293.325,293.14,293.305,73888
2020-10-06 12:58,293.33,293.38,292.97,292.9859,91029
2020-10-06 12:59,293.01,293.14,292.33,292.38,108559
